record_id,cpse,cpse_material_code,cpse_description,cpse_uom,national_material_code,canonical_description,category,confidence,confidence_gap,conflict_count,migration_status,review_required,migration_action
0,CPSE-C,CPSEC-769987,4CX25 SQMM PVC CABLE 1.1KV,MTR,NMC-CABL-0008,4C X 25 SQMM PVC CABLE 1.1KV,ELECTRICAL_CABLE,97.67,54.34,0,MIGRATION_READY,False,REPLACE_LEGACY_CODE
1,CPSE-C,CPSEC-454508,C/PMP 250 M3/H 70M HEAD 55KW,NOS,NMC-PUMP-0009,CENTRIFUGAL PUMP 250 M3/H 70M HEAD 55KW,PUMP,97.12,97.12,0,MIGRATION_READY,False,REPLACE_LEGACY_CODE
2,CPSE-C,CPSEC-329974,2 IN SW SS GRAPHITE GASKET 150 CLASS,NOS,NMC-GASK-0001,2 IN SPIRAL WOUND SS GRAPHITE GASKET 150 CLASS,GASKET,97.67,4.47,0,MIGRATION_READY,False,REPLACE_LEGACY_CODE
3,CPSE-A,CPSEA-207473,M16 X 60 CS HEX BOLT,NOS,NMC-FAST-0004,M16 X 60 CARBON STEEL HEX BOLT,FASTENER,97.83,95.33,0,MIGRATION_READY,False,REPLACE_LEGACY_CODE
4,CPSE-C,CPSEC-172574,3 PHASE IND MTR 37KW 415V 50HZ,NOS,NMC-MOTR-0008,3 PHASE INDUCTION MOTOR 37KW 415V 50HZ,MOTOR,98.6,68.5,0,MIGRATION_READY,False,REPLACE_LEGACY_CODE
5,CPSE-B,CPSEB-352572,3 PHASE INDUCTION MOTOR 22KW 415V 50HZ,NOS,NMC-MOTR-0006,3 PHASE INDUCTION MOTOR 22KW 415V 50HZ,MOTOR,100.0,68.61,0,MIGRATION_READY,False,REPLACE_LEGACY_CODE
6,CPSE-B,CPSEB-898975,4CX10 SQMM PVC CABLE 1.1KV,MTR,NMC-CABL-0006,4C X 10 SQMM PVC CABLE 1.1KV,ELECTRICAL_CABLE,97.67,54.34,0,MIGRATION_READY,False,REPLACE_LEGACY_CODE
7,CPSE-B,CPSEB-383060,"3""SS316 SEAMLESS PIPE SCH40",MTR,NMC-PIPE-0007,3 IN SS316 SEAMLESS PIPE SCH40,PIPE,99.28,2.72,0,MIGRATION_READY,False,REPLACE_LEGACY_CODE
8,CPSE-C,CPSEC-356787,M12X50 SS304 HEX BOLT,NOS,NMC-FAST-0002,M12 X 50 SS304 HEX BOLT,FASTENER,97.14,56.46,0,MIGRATION_READY,False,REPLACE_LEGACY_CODE
9,CPSE-B,CPSEB-112038,"10""GRAPHITE SPIRAL WOUND GASK 150#",NOS,NMC-GASK-0009,10 IN GRAPHITE SPIRAL WOUND GASKET 150 CLASS,GASKET,91.76,91.76,0,MIGRATION_READY,False,REPLACE_LEGACY_CODE
10,CPSE-A,CPSEA-231869,3 PHASE INDUCTION MTR 55KW 415V 50HZ,NOS,NMC-MOTR-0010,3 PHASE INDUCTION MOTOR 55KW 415V 50HZ,MOTOR,100.0,67.77,0,MIGRATION_READY,False,REPLACE_LEGACY_CODE
11,CPSE-A,CPSEA-946335,SPHERICAL ROLLER BRG 22205,NOS,NMC-BEAR-0010,SPHERICAL ROLLER BEARING 22205,BEARING,100.0,100.0,0,MIGRATION_READY,False,REPLACE_LEGACY_CODE
12,CPSE-C,CPSEC-120422,3 PHASE IND MTR 11KW 415V 50HZ,NOS,NMC-MOTR-0003,3 PHASE INDUCTION MOTOR 11KW 415V 50HZ,MOTOR,98.6,68.5,0,MIGRATION_READY,False,REPLACE_LEGACY_CODE
13,CPSE-A,CPSEA-325772,DEEP GROOVE BALL BRG 6307,NOS,NMC-BEAR-0006,DEEP GROOVE BALL BEARING 6307,BEARING,100.0,0.72,0,MIGRATION_READY,False,REPLACE_LEGACY_CODE
14,CPSE-C,CPSEC-379786,1CX2.5 SQMM PVC CABLE 1.1KV,MTR,NMC-CABL-0001,1C X 2.5 SQMM PVC CABLE 1.1KV,ELECTRICAL_CABLE,98.5,55.17,0,MIGRATION_READY,False,REPLACE_LEGACY_CODE
15,CPSE-C,CPSEC-972064,3 PHASE IND MTR 15KW 415V 50HZ,NOS,NMC-MOTR-0004,3 PHASE INDUCTION MOTOR 15KW 415V 50HZ,MOTOR,98.6,68.43,0,MIGRATION_READY,False,REPLACE_LEGACY_CODE
16,CPSE-B,CPSEB-665427,CUTTING MACHINE 355MM 2000W,NOS,NMC-TOOL-0007,CUTTING MACHINE 355MM 2000W,INDUSTRIAL_TOOL,100.0,100.0,0,MIGRATION_READY,False,REPLACE_LEGACY_CODE
17,CPSE-B,CPSEB-665579,3 PHASE INDUCTION MOTOR 5.5KW 415V 50HZ,NOS,NMC-MOTR-0001,3 PHASE INDUCTION MOTOR 5.5KW 415V 50HZ,MOTOR,100.0,67.77,0,MIGRATION_READY,False,REPLACE_LEGACY_CODE
18,CPSE-B,CPSEB-549245,"6""SS316 WELD NECK FLG 150#",NOS,NMC-FLG-0010,6 IN SS316 WELD NECK FLANGE 150 CLASS,FLANGE,97.18,67.15,0,MIGRATION_READY,False,REPLACE_LEGACY_CODE
19,CPSE-A,CPSEA-542666,2 IN PTFE FULL FACE GKT 150 CLASS,NOS,NMC-GASK-0006,2 IN PTFE FULL FACE GASKET 150 CLASS,GASKET,99.7,7.52,0,MIGRATION_READY,False,REPLACE_LEGACY_CODE
20,CPSE-A,CPSEA-910620,6 IN SS316 BALL VLV 300 CLASS,NOS,NMC-VALV-0007,6 IN SS316 BALL VALVE 300 CLASS,VALVE,99.66,73.01,0,MIGRATION_READY,False,REPLACE_LEGACY_CODE
21,CPSE-C,CPSEC-330283,4 IN CS SEAMLESS PIPE SCH80,MTR,NMC-PIPE-0008,4 IN CS SEAMLESS PIPE SCH80,PIPE,96.35,67.5,0,MIGRATION_READY,False,REPLACE_LEGACY_CODE
22,CPSE-A,CPSEA-891952,CENT PMP 75 M3/H 40M HEAD 15KW,NOS,NMC-PUMP-0004,CENTRIFUGAL PUMP 75 M3/H 40M HEAD 15KW,PUMP,96.65,96.65,0,MIGRATION_READY,False,REPLACE_LEGACY_CODE
23,CPSE-B,CPSEB-865388,CENTRIF PUMP 75 M3/H 40M HEAD 15KW,NOS,NMC-PUMP-0004,CENTRIFUGAL PUMP 75 M3/H 40M HEAD 15KW,PUMP,97.67,97.67,0,MIGRATION_READY,False,REPLACE_LEGACY_CODE
24,CPSE-C,CPSEC-864544,8 IN SS316 SEAMLESS PIPE SCH40,MTR,NMC-PIPE-0005,8 IN SS316 SEAMLESS PIPE SCH40,PIPE,99.64,68.21,0,MIGRATION_READY,False,REPLACE_LEGACY_CODE
25,CPSE-A,CPSEA-456778,DEEP GROOVE BALL BRG 6306,NOS,NMC-BEAR-0005,DEEP GROOVE BALL BEARING 6306,BEARING,100.0,0.72,0,MIGRATION_READY,False,REPLACE_LEGACY_CODE
26,CPSE-C,CPSEC-446479,E-DRILL 10MM 650W,NOS,NMC-TOOL-0004,ELECTRIC DRILL 10MM 650W,INDUSTRIAL_TOOL,94.37,94.37,0,MIGRATION_READY,False,REPLACE_LEGACY_CODE
27,CPSE-B,CPSEB-354801,TORQUE WRENCH 50-250NM,NOS,NMC-TOOL-0009,TORQUE WRENCH 50-250NM,INDUSTRIAL_TOOL,100.0,100.0,0,MIGRATION_READY,False,REPLACE_LEGACY_CODE
28,CPSE-B,CPSEB-892495,"4""SPIRAL WOUND GRAPHITE GASK 300#",NOS,NMC-GASK-0003,4 IN SPIRAL WOUND GRAPHITE GASKET 300 CLASS,GASKET,94.27,2.73,0,BLOCKED,True,NO_MIGRATION
29,CPSE-B,CPSEB-234628,3 PHASE INDUCTION MOTOR 55KW 415V 50HZ,NOS,NMC-MOTR-0010,3 PHASE INDUCTION MOTOR 55KW 415V 50HZ,MOTOR,100.0,67.77,0,MIGRATION_READY,False,REPLACE_LEGACY_CODE
30,CPSE-C,CPSEC-131244,M8X40 CS HEX BOLT,NOS,NMC-FAST-0006,M8 X 40 CARBON STEEL HEX BOLT,FASTENER,97.75,94.87,0,MIGRATION_READY,False,REPLACE_LEGACY_CODE
31,CPSE-C,CPSEC-813536,8 IN PTFE FF GASKET 150 CLASS,NOS,NMC-GASK-0005,8 IN PTFE FULL FACE GASKET 150 CLASS,GASKET,97.0,67.5,0,MIGRATION_READY,False,REPLACE_LEGACY_CODE
32,CPSE-A,CPSEA-717889,DEEP GROOVE BALL BRG 6206,NOS,NMC-BEAR-0002,DEEP GROOVE BALL BEARING 6206,BEARING,100.0,0.72,0,MIGRATION_READY,False,REPLACE_LEGACY_CODE
33,CPSE-A,CPSEA-688508,M20 X 100 CS HEX BOLT,NOS,NMC-FAST-0009,M20 X 100 CARBON STEEL HEX BOLT,FASTENER,97.2,95.06,0,MIGRATION_READY,False,REPLACE_LEGACY_CODE
34,CPSE-C,CPSEC-728038,3 PHASE IND MTR 7.5KW 415V 50HZ,NOS,NMC-MOTR-0002,3 PHASE INDUCTION MOTOR 7.5KW 415V 50HZ,MOTOR,98.65,68.48,0,MIGRATION_READY,False,REPLACE_LEGACY_CODE
35,CPSE-C,CPSEC-158655,8 IN CS SEAMLESS PIPE SCH80,MTR,NMC-PIPE-0010,8 IN CS SEAMLESS PIPE SCH80,PIPE,96.35,67.5,0,MIGRATION_READY,False,REPLACE_LEGACY_CODE
36,CPSE-B,CPSEB-246316,M10X75 SS316 HEX BOLT,NOS,NMC-FAST-0003,M10 X 75 SS316 HEX BOLT,FASTENER,97.14,95.46,0,MIGRATION_READY,False,REPLACE_LEGACY_CODE
37,CPSE-A,CPSEA-270555,2 IN CS SEAMLESS PIP SCH40,MTR,NMC-PIPE-0001,2 IN CS SEAMLESS PIPE SCH40,PIPE,95.26,68.18,0,MIGRATION_READY,False,REPLACE_LEGACY_CODE
38,CPSE-B,CPSEB-900581,DEEP GROOVE BALL BEARING 6307,NOS,NMC-BEAR-0006,DEEP GROOVE BALL BEARING 6307,BEARING,100.0,0.72,0,MIGRATION_READY,False,REPLACE_LEGACY_CODE
39,CPSE-B,CPSEB-838797,"6""CS BUTTERFLY VAL 150#",NOS,NMC-VALV-0005,6 IN CS BUTTERFLY VALVE 150 CLASS,VALVE,94.47,7.83,0,MIGRATION_READY,False,REPLACE_LEGACY_CODE
40,CPSE-A,CPSEA-319684,3 IN CS SEAMLESS PIP SCH40,MTR,NMC-PIPE-0002,3 IN CS SEAMLESS PIPE SCH40,PIPE,95.26,0.75,0,MIGRATION_READY,False,REPLACE_LEGACY_CODE
41,CPSE-B,CPSEB-793384,"4""SS304 GATE VAL 150#",NOS,NMC-VALV-0006,4 IN SS304 GATE VALVE 150 CLASS,VALVE,95.64,5.55,0,MIGRATION_READY,False,REPLACE_LEGACY_CODE
42,CPSE-B,CPSEB-801474,"IMPACT WRENCH 1/2""500W",NOS,NMC-TOOL-0006,IMPACT WRENCH 1/2 IN 500W,INDUSTRIAL_TOOL,96.5,96.5,0,MIGRATION_READY,False,REPLACE_LEGACY_CODE
43,CPSE-A,CPSEA-581741,2 IN SS304 GATE VLV 150 CLASS,NOS,NMC-VALV-0001,2 IN SS304 GATE VALVE 150 CLASS,VALVE,99.66,5.71,0,MIGRATION_READY,False,REPLACE_LEGACY_CODE
44,CPSE-C,CPSEC-338968,4 IN SS304 GTV 150 CLASS,NOS,NMC-VALV-0006,4 IN SS304 GATE VALVE 150 CLASS,VALVE,95.58,3.36,0,MIGRATION_READY,False,REPLACE_LEGACY_CODE
45,CPSE-A,CPSEA-496922,2 IN SS304 GATE VLV 300 CLASS,NOS,NMC-VALV-0002,2 IN SS304 GATE VALVE 300 CLASS,VALVE,99.66,70.26,0,MIGRATION_READY,False,REPLACE_LEGACY_CODE
46,CPSE-A,CPSEA-897549,3 PHASE INDUCTION MTR 45KW 415V 50HZ,NOS,NMC-MOTR-0009,3 PHASE INDUCTION MOTOR 45KW 415V 50HZ,MOTOR,100.0,68.05,0,MIGRATION_READY,False,REPLACE_LEGACY_CODE
47,CPSE-B,CPSEB-189814,3 PHASE INDUCTION MOTOR 30KW 415V 50HZ,NOS,NMC-MOTR-0007,3 PHASE INDUCTION MOTOR 30KW 415V 50HZ,MOTOR,100.0,68.05,0,MIGRATION_READY,False,REPLACE_LEGACY_CODE
48,CPSE-A,CPSEA-821590,4 IN CS SEAMLESS PIP SCH80,MTR,NMC-PIPE-0008,4 IN CS SEAMLESS PIPE SCH80,PIPE,95.26,68.18,0,MIGRATION_READY,False,REPLACE_LEGACY_CODE
49,CPSE-A,CPSEA-609597,3 PHASE INDUCTION MTR 37KW 415V 50HZ,NOS,NMC-MOTR-0008,3 PHASE INDUCTION MOTOR 37KW 415V 50HZ,MOTOR,100.0,68.05,0,MIGRATION_READY,False,REPLACE_LEGACY_CODE
50,CPSE-A,CPSEA-663054,1C X 2.5 SQMM PVC CABL 1.1KV,MTR,NMC-CABL-0001,1C X 2.5 SQMM PVC CABLE 1.1KV,ELECTRICAL_CABLE,99.63,55.07,0,MIGRATION_READY,False,REPLACE_LEGACY_CODE
51,CPSE-A,CPSEA-665158,4 IN SS304 SLIP ON FLG 300 CLASS,NOS,NMC-FLG-0009,4 IN SS304 SLIP ON FLANGE 300 CLASS,FLANGE,99.7,61.69,0,MIGRATION_READY,False,REPLACE_LEGACY_CODE
52,CPSE-C,CPSEC-791798,3 PHASE IND MTR 55KW 415V 50HZ,NOS,NMC-MOTR-0010,3 PHASE INDUCTION MOTOR 55KW 415V 50HZ,MOTOR,98.6,68.17,0,MIGRATION_READY,False,REPLACE_LEGACY_CODE
53,CPSE-A,CPSEA-148050,4 IN SS304 GATE VLV 150 CLASS,NOS,NMC-VALV-0006,4 IN SS304 GATE VALVE 150 CLASS,VALVE,99.66,4.82,0,MIGRATION_READY,False,REPLACE_LEGACY_CODE
54,CPSE-A,CPSEA-595948,BENCH GRINDER 200MM 550W,NOS,NMC-TOOL-0010,BENCH GRINDER 200MM 550W,INDUSTRIAL_TOOL,100.0,100.0,0,MIGRATION_READY,False,REPLACE_LEGACY_CODE
55,CPSE-C,CPSEC-340062,A/GRINDER 125MM 1100W,NOS,NMC-TOOL-0003,ANGLE GRINDER 125MM 1100W,INDUSTRIAL_TOOL,42.57,42.57,1,BLOCKED,True,NO_MIGRATION
56,CPSE-B,CPSEB-816751,"4""SS304 SEAMLESS PIPE SCH40",MTR,NMC-PIPE-0003,4 IN SS304 SEAMLESS PIPE SCH40,PIPE,99.28,68.23,0,MIGRATION_READY,False,REPLACE_LEGACY_CODE
57,CPSE-C,CPSEC-472528,2 IN CS SEAMLESS PIPE SCH40,MTR,NMC-PIPE-0001,2 IN CS SEAMLESS PIPE SCH40,PIPE,96.35,67.5,0,MIGRATION_READY,False,REPLACE_LEGACY_CODE
58,CPSE-A,CPSEA-857168,3C X 6 SQMM PVC CABL 1.1KV,MTR,NMC-CABL-0005,3C X 6 SQMM PVC CABLE 1.1KV,ELECTRICAL_CABLE,99.6,55.12,0,MIGRATION_READY,False,REPLACE_LEGACY_CODE
59,CPSE-B,CPSEB-308496,M20X100 CS HEX BOLT,NOS,NMC-FAST-0009,M20 X 100 CARBON STEEL HEX BOLT,FASTENER,97.2,95.06,0,MIGRATION_READY,False,REPLACE_LEGACY_CODE
60,CPSE-B,CPSEB-955662,3 PHASE INDUCTION MOTOR 37KW 415V 50HZ,NOS,NMC-MOTR-0008,3 PHASE INDUCTION MOTOR 37KW 415V 50HZ,MOTOR,100.0,68.05,0,MIGRATION_READY,False,REPLACE_LEGACY_CODE
61,CPSE-C,CPSEC-865179,SR BRG 22205,NOS,NMC-BEAR-0010,SPHERICAL ROLLER BEARING 22205,BEARING,97.83,97.83,0,MIGRATION_READY,False,REPLACE_LEGACY_CODE
62,CPSE-A,CPSEA-334053,M10 X 75 SS316 HEX BOLT,NOS,NMC-FAST-0003,M10 X 75 SS316 HEX BOLT,FASTENER,97.14,95.46,0,MIGRATION_READY,False,REPLACE_LEGACY_CODE
63,CPSE-C,CPSEC-456699,1CX4 SQMM PVC CABLE 1.1KV,MTR,NMC-CABL-0002,1C X 4 SQMM PVC CABLE 1.1KV,ELECTRICAL_CABLE,98.38,55.05,0,MIGRATION_READY,False,REPLACE_LEGACY_CODE
64,CPSE-C,CPSEC-363626,6 IN PTFE FF GASKET 300 CLASS,NOS,NMC-GASK-0008,6 IN PTFE FULL FACE GASKET 300 CLASS,GASKET,97.0,70.23,0,MIGRATION_READY,False,REPLACE_LEGACY_CODE
65,CPSE-A,CPSEA-539898,DEEP GROOVE BALL BRG 6205,NOS,NMC-BEAR-0001,DEEP GROOVE BALL BEARING 6205,BEARING,100.0,0.72,0,MIGRATION_READY,False,REPLACE_LEGACY_CODE
66,CPSE-B,CPSEB-731262,M16X75 SS304 HEX BOLT,NOS,NMC-FAST-0008,M16 X 75 SS304 HEX BOLT,FASTENER,97.14,95.46,0,MIGRATION_READY,False,REPLACE_LEGACY_CODE
67,CPSE-B,CPSEB-804314,CENTRIF PUMP 120 M3/H 60M HEAD 30KW,NOS,NMC-PUMP-0006,CENTRIFUGAL PUMP 120 M3/H 60M HEAD 30KW,PUMP,97.73,97.73,0,MIGRATION_READY,False,REPLACE_LEGACY_CODE
68,CPSE-C,CPSEC-377370,TR BRG 30305,NOS,NMC-BEAR-0009,TAPERED ROLLER BEARING 30305,BEARING,97.83,4.51,0,MIGRATION_READY,False,REPLACE_LEGACY_CODE
69,CPSE-A,CPSEA-216970,3C X 2.5 SQMM PVC CABL 1.1KV,MTR,NMC-CABL-0003,3C X 2.5 SQMM PVC CABLE 1.1KV,ELECTRICAL_CABLE,99.63,55.07,0,MIGRATION_READY,False,REPLACE_LEGACY_CODE
70,CPSE-A,CPSEA-497887,3 IN SS316 SEAMLESS PIP SCH40,MTR,NMC-PIPE-0007,3 IN SS316 SEAMLESS PIPE SCH40,PIPE,99.28,3.48,0,MIGRATION_READY,False,REPLACE_LEGACY_CODE
71,CPSE-A,CPSEA-380746,3 IN CS SLIP ON FLG 150 CLASS,NOS,NMC-FLG-0003,3 IN CS SLIP ON FLANGE 150 CLASS,FLANGE,97.0,53.31,0,MIGRATION_READY,False,REPLACE_LEGACY_CODE
72,CPSE-C,CPSEC-867460,3 PHASE IND MTR 30KW 415V 50HZ,NOS,NMC-MOTR-0007,3 PHASE INDUCTION MOTOR 30KW 415V 50HZ,MOTOR,98.6,68.5,0,MIGRATION_READY,False,REPLACE_LEGACY_CODE
73,CPSE-B,CPSEB-854639,3CX6 SQMM PVC CABLE 1.1KV,MTR,NMC-CABL-0005,3C X 6 SQMM PVC CABLE 1.1KV,ELECTRICAL_CABLE,98.38,54.33,0,MIGRATION_READY,False,REPLACE_LEGACY_CODE
74,CPSE-A,CPSEA-694731,4 IN SS316 WELD NECK FLG 300 CLASS,NOS,NMC-FLG-0004,4 IN SS316 WELD NECK FLANGE 300 CLASS,FLANGE,99.71,55.82,0,MIGRATION_READY,False,REPLACE_LEGACY_CODE
75,CPSE-A,CPSEA-174299,ELEC DRILL 13MM 800W,NOS,NMC-TOOL-0005,ELECTRIC DRILL 13MM 800W,INDUSTRIAL_TOOL,98.09,98.09,0,MIGRATION_READY,False,REPLACE_LEGACY_CODE
76,CPSE-B,CPSEB-344098,"8""CS GATE VAL 300#",NOS,NMC-VALV-0008,8 IN CS GATE VALVE 300 CLASS,VALVE,93.3,93.3,0,MIGRATION_READY,False,REPLACE_LEGACY_CODE
77,CPSE-A,CPSEA-498591,10 IN CS BUTTERFLY VLV 150 CLASS,NOS,NMC-VALV-0009,10 IN CS BUTTERFLY VALVE 150 CLASS,VALVE,96.8,67.2,0,MIGRATION_READY,False,REPLACE_LEGACY_CODE
78,CPSE-A,CPSEA-407419,3 IN CS GATE VLV 150 CLASS,NOS,NMC-VALV-0003,3 IN CS GATE VALVE 150 CLASS,VALVE,96.5,68.53,0,MIGRATION_READY,False,REPLACE_LEGACY_CODE
79,CPSE-A,CPSEA-324643,CUTTING MACHINE 355MM 2000W,NOS,NMC-TOOL-0007,CUTTING MACHINE 355MM 2000W,INDUSTRIAL_TOOL,100.0,100.0,0,MIGRATION_READY,False,REPLACE_LEGACY_CODE
80,CPSE-B,CPSEB-930555,"8""PTFE FULL FACE GASK 150#",NOS,NMC-GASK-0005,8 IN PTFE FULL FACE GASKET 150 CLASS,GASKET,93.0,93.0,0,MIGRATION_READY,False,REPLACE_LEGACY_CODE
81,CPSE-B,CPSEB-634277,"3""SPIRAL WOUND SS GRAPHITE GASK 150#",NOS,NMC-GASK-0002,3 IN SPIRAL WOUND SS GRAPHITE GASKET 150 CLASS,GASKET,94.69,94.69,0,MIGRATION_READY,False,REPLACE_LEGACY_CODE
82,CPSE-B,CPSEB-329258,M12X80 SS316 HEX BOLT,NOS,NMC-FAST-0007,M12 X 80 SS316 HEX BOLT,FASTENER,97.14,95.46,0,MIGRATION_READY,False,REPLACE_LEGACY_CODE
83,CPSE-B,CPSEB-430776,"2""SS304 WELD NECK FLG 150#",NOS,NMC-FLG-0002,2 IN SS304 WELD NECK FLANGE 150 CLASS,FLANGE,97.18,2.43,0,MIGRATION_READY,False,REPLACE_LEGACY_CODE
84,CPSE-B,CPSEB-403445,"6""SS316 BALL VAL 300#",NOS,NMC-VALV-0007,6 IN SS316 BALL VALVE 300 CLASS,VALVE,95.64,8.24,0,MIGRATION_READY,False,REPLACE_LEGACY_CODE
85,CPSE-A,CPSEA-817870,6 IN SS304 SEAMLESS PIP SCH40,MTR,NMC-PIPE-0009,6 IN SS304 SEAMLESS PIPE SCH40,PIPE,99.28,68.23,0,MIGRATION_READY,False,REPLACE_LEGACY_CODE
86,CPSE-B,CPSEB-913694,"8""CS SEAMLESS PIPE SCH80",MTR,NMC-PIPE-0010,8 IN CS SEAMLESS PIPE SCH80,PIPE,97.58,67.94,0,MIGRATION_READY,False,REPLACE_LEGACY_CODE
87,CPSE-A,CPSEA-301629,6 IN CS BUTTERFLY VLV 150 CLASS,NOS,NMC-VALV-0005,6 IN CS BUTTERFLY VALVE 150 CLASS,VALVE,97.1,67.8,0,MIGRATION_READY,False,REPLACE_LEGACY_CODE
88,CPSE-A,CPSEA-542417,M8 X 40 CS HEX BOLT,NOS,NMC-FAST-0006,M8 X 40 CARBON STEEL HEX BOLT,FASTENER,97.75,94.87,0,MIGRATION_READY,False,REPLACE_LEGACY_CODE
89,CPSE-B,CPSEB-809570,M16X60 CS HEX BOLT,NOS,NMC-FAST-0004,M16 X 60 CARBON STEEL HEX BOLT,FASTENER,97.83,95.33,0,MIGRATION_READY,False,REPLACE_LEGACY_CODE
90,CPSE-C,CPSEC-376183,3CX6 SQMM PVC CABLE 1.1KV,MTR,NMC-CABL-0005,3C X 6 SQMM PVC CABLE 1.1KV,ELECTRICAL_CABLE,98.38,54.33,0,MIGRATION_READY,False,REPLACE_LEGACY_CODE
91,CPSE-C,CPSEC-765822,6 IN CS SEAMLESS PIPE SCH80,MTR,NMC-PIPE-0004,6 IN CS SEAMLESS PIPE SCH80,PIPE,96.35,67.5,0,MIGRATION_READY,False,REPLACE_LEGACY_CODE
92,CPSE-C,CPSEC-759176,3 IN CS GTV 150 CLASS,NOS,NMC-VALV-0003,3 IN CS GATE VALVE 150 CLASS,VALVE,92.03,68.43,0,MIGRATION_READY,False,REPLACE_LEGACY_CODE
93,CPSE-C,CPSEC-351083,3 PHASE IND MTR 18.5KW 415V 50HZ,NOS,NMC-MOTR-0005,3 PHASE INDUCTION MOTOR 18.5KW 415V 50HZ,MOTOR,98.69,68.52,0,MIGRATION_READY,False,REPLACE_LEGACY_CODE
94,CPSE-B,CPSEB-895667,DEEP GROOVE BALL BEARING 6207,NOS,NMC-BEAR-0003,DEEP GROOVE BALL BEARING 6207,BEARING,100.0,0.72,0,MIGRATION_READY,False,REPLACE_LEGACY_CODE
95,CPSE-B,CPSEB-133326,M8X40 CS HEX BOLT,NOS,NMC-FAST-0006,M8 X 40 CARBON STEEL HEX BOLT,FASTENER,97.75,94.87,0,MIGRATION_READY,False,REPLACE_LEGACY_CODE
96,CPSE-C,CPSEC-814825,12 IN GRAPHITE SW GASKET 300 CLASS,NOS,NMC-GASK-0010,12 IN GRAPHITE SPIRAL WOUND GASKET 300 CLASS,GASKET,97.1,67.5,0,MIGRATION_READY,False,REPLACE_LEGACY_CODE
97,CPSE-A,CPSEA-712982,6 IN SS316 WELD NECK FLG 150 CLASS,NOS,NMC-FLG-0010,6 IN SS316 WELD NECK FLANGE 150 CLASS,FLANGE,99.71,55.04,0,MIGRATION_READY,False,REPLACE_LEGACY_CODE
98,CPSE-B,CPSEB-174441,ANGLE GRINDER 115MM 900W,NOS,NMC-TOOL-0002,ANGLE GRINDER 115MM 900W,INDUSTRIAL_TOOL,100.0,100.0,0,MIGRATION_READY,False,REPLACE_LEGACY_CODE
99,CPSE-B,CPSEB-969693,"3""CS GATE VAL 150#",NOS,NMC-VALV-0003,3 IN CS GATE VALVE 150 CLASS,VALVE,93.3,93.3,0,MIGRATION_READY,False,REPLACE_LEGACY_CODE
100,CPSE-A,CPSEA-182582,3 PHASE INDUCTION MTR 30KW 415V 50HZ,NOS,NMC-MOTR-0007,3 PHASE INDUCTION MOTOR 30KW 415V 50HZ,MOTOR,100.0,68.05,0,MIGRATION_READY,False,REPLACE_LEGACY_CODE
101,CPSE-A,CPSEA-748564,4 IN SS316 BALL VLV 150 CLASS,NOS,NMC-VALV-0004,4 IN SS316 BALL VALVE 150 CLASS,VALVE,99.66,4.82,0,MIGRATION_READY,False,REPLACE_LEGACY_CODE
102,CPSE-B,CPSEB-331148,DEEP GROOVE BALL BEARING 6205,NOS,NMC-BEAR-0001,DEEP GROOVE BALL BEARING 6205,BEARING,100.0,0.72,0,MIGRATION_READY,False,REPLACE_LEGACY_CODE
103,CPSE-A,CPSEA-905934,1C X 4 SQMM PVC CABL 1.1KV,MTR,NMC-CABL-0002,1C X 4 SQMM PVC CABLE 1.1KV,ELECTRICAL_CABLE,99.6,55.12,0,MIGRATION_READY,False,REPLACE_LEGACY_CODE
104,CPSE-B,CPSEB-167136,CENTRIF PUMP 250 M3/H 70M HEAD 55KW,NOS,NMC-PUMP-0009,CENTRIFUGAL PUMP 250 M3/H 70M HEAD 55KW,PUMP,97.73,97.73,0,MIGRATION_READY,False,REPLACE_LEGACY_CODE
105,CPSE-A,CPSEA-160738,3 PHASE INDUCTION MTR 22KW 415V 50HZ,NOS,NMC-MOTR-0006,3 PHASE INDUCTION MOTOR 22KW 415V 50HZ,MOTOR,100.0,68.61,0,MIGRATION_READY,False,REPLACE_LEGACY_CODE
106,CPSE-C,CPSEC-246413,10 IN SS304 SO FLG 150 CLASS,NOS,NMC-FLG-0007,10 IN SS304 SLIP ON FLANGE 150 CLASS,FLANGE,97.45,56.18,0,MIGRATION_READY,False,REPLACE_LEGACY_CODE
107,CPSE-A,CPSEA-198246,M12 X 80 SS316 HEX BOLT,NOS,NMC-FAST-0007,M12 X 80 SS316 HEX BOLT,FASTENER,97.14,95.46,0,MIGRATION_READY,False,REPLACE_LEGACY_CODE
108,CPSE-B,CPSEB-887352,1CX2.5 SQMM PVC CABLE 1.1KV,MTR,NMC-CABL-0001,1C X 2.5 SQMM PVC CABLE 1.1KV,ELECTRICAL_CABLE,98.5,55.17,0,MIGRATION_READY,False,REPLACE_LEGACY_CODE
109,CPSE-A,CPSEA-835911,4 IN SS304 SEAMLESS PIP SCH40,MTR,NMC-PIPE-0003,4 IN SS304 SEAMLESS PIPE SCH40,PIPE,99.28,68.23,0,MIGRATION_READY,False,REPLACE_LEGACY_CODE
110,CPSE-A,CPSEA-322955,6 IN CS SLIP ON FLG 150 CLASS,NOS,NMC-FLG-0005,6 IN CS SLIP ON FLANGE 150 CLASS,FLANGE,97.0,53.31,0,MIGRATION_READY,False,REPLACE_LEGACY_CODE
111,CPSE-B,CPSEB-226882,CENTRIF PUMP 200 M3/H 60M HEAD 45KW,NOS,NMC-PUMP-0008,CENTRIFUGAL PUMP 200 M3/H 60M HEAD 45KW,PUMP,97.73,97.73,0,MIGRATION_READY,False,REPLACE_LEGACY_CODE
112,CPSE-C,CPSEC-575435,10 IN CS BFV 150 CLASS,NOS,NMC-VALV-0009,10 IN CS BUTTERFLY VALVE 150 CLASS,VALVE,91.92,68.61,0,MIGRATION_READY,False,REPLACE_LEGACY_CODE
113,CPSE-C,CPSEC-665492,C/PMP 50 M3/H 50M HEAD 11KW,NOS,NMC-PUMP-0003,CENTRIFUGAL PUMP 50 M3/H 50M HEAD 11KW,PUMP,97.0,97.0,0,MIGRATION_READY,False,REPLACE_LEGACY_CODE
114,CPSE-C,CPSEC-736059,C/PMP 30 M3/H 40M HEAD 7.5KW,NOS,NMC-PUMP-0002,CENTRIFUGAL PUMP 30 M3/H 40M HEAD 7.5KW,PUMP,97.12,97.12,0,MIGRATION_READY,False,REPLACE_LEGACY_CODE
115,CPSE-C,CPSEC-983794,6 IN SS304 SEAMLESS PIPE SCH40,MTR,NMC-PIPE-0009,6 IN SS304 SEAMLESS PIPE SCH40,PIPE,99.64,68.21,0,MIGRATION_READY,False,REPLACE_LEGACY_CODE
116,CPSE-C,CPSEC-883300,4 IN SS304 SO FLG 300 CLASS,NOS,NMC-FLG-0009,4 IN SS304 SLIP ON FLANGE 300 CLASS,FLANGE,97.38,58.85,0,MIGRATION_READY,False,REPLACE_LEGACY_CODE
117,CPSE-B,CPSEB-698782,WELDING MACHINE 200A,NOS,NMC-TOOL-0008,WELDING MACHINE 200A,INDUSTRIAL_TOOL,100.0,100.0,0,MIGRATION_READY,False,REPLACE_LEGACY_CODE
118,CPSE-C,CPSEC-287330,4CX10 SQMM PVC CABLE 1.1KV,MTR,NMC-CABL-0006,4C X 10 SQMM PVC CABLE 1.1KV,ELECTRICAL_CABLE,97.67,54.34,0,MIGRATION_READY,False,REPLACE_LEGACY_CODE
119,CPSE-C,CPSEC-308573,3CX35 SQMM PVC CABLE 1.1KV,MTR,NMC-CABL-0009,3C X 35 SQMM PVC CABLE 1.1KV,ELECTRICAL_CABLE,97.67,53.98,0,MIGRATION_READY,False,REPLACE_LEGACY_CODE
120,CPSE-B,CPSEB-733052,TAPERED ROLLER BEARING 30305,NOS,NMC-BEAR-0009,TAPERED ROLLER BEARING 30305,BEARING,100.0,0.75,0,MIGRATION_READY,False,REPLACE_LEGACY_CODE
121,CPSE-B,CPSEB-654816,"6""PTFE FULL FACE GASK 300#",NOS,NMC-GASK-0008,6 IN PTFE FULL FACE GASKET 300 CLASS,GASKET,93.0,7.4,0,MIGRATION_READY,False,REPLACE_LEGACY_CODE
122,CPSE-B,CPSEB-772097,1CX4 SQMM PVC CABLE 1.1KV,MTR,NMC-CABL-0002,1C X 4 SQMM PVC CABLE 1.1KV,ELECTRICAL_CABLE,98.38,55.05,0,MIGRATION_READY,False,REPLACE_LEGACY_CODE
123,CPSE-C,CPSEC-166613,2 IN PTFE FF GASKET 150 CLASS,NOS,NMC-GASK-0006,2 IN PTFE FULL FACE GASKET 150 CLASS,GASKET,97.0,2.73,0,MIGRATION_READY,False,REPLACE_LEGACY_CODE
124,CPSE-B,CPSEB-377746,"10""SS304 SLIP ON FLG 150#",NOS,NMC-FLG-0007,10 IN SS304 SLIP ON FLANGE 150 CLASS,FLANGE,94.51,65.69,0,MIGRATION_READY,False,REPLACE_LEGACY_CODE
125,CPSE-B,CPSEB-847581,CENTRIF PUMP 100 M3/H 50M HEAD 22KW,NOS,NMC-PUMP-0005,CENTRIFUGAL PUMP 100 M3/H 50M HEAD 22KW,PUMP,97.73,97.73,0,MIGRATION_READY,False,REPLACE_LEGACY_CODE
126,CPSE-C,CPSEC-944962,DGB BRG 6207,NOS,NMC-BEAR-0003,DEEP GROOVE BALL BEARING 6207,BEARING,97.0,4.93,0,MIGRATION_READY,False,REPLACE_LEGACY_CODE
127,CPSE-C,CPSEC-520651,2 IN SS304 WN FLG 150 CLASS,NOS,NMC-FLG-0002,2 IN SS304 WELD NECK FLANGE 150 CLASS,FLANGE,97.12,2.79,0,MIGRATION_READY,False,REPLACE_LEGACY_CODE
128,CPSE-A,CPSEA-624902,4C X 10 SQMM PVC CABL 1.1KV,MTR,NMC-CABL-0006,4C X 10 SQMM PVC CABLE 1.1KV,ELECTRICAL_CABLE,99.62,55.1,0,MIGRATION_READY,False,REPLACE_LEGACY_CODE
129,CPSE-B,CPSEB-639131,ELEC DRILL 13MM 800W,NOS,NMC-TOOL-0005,ELECTRIC DRILL 13MM 800W,INDUSTRIAL_TOOL,98.09,98.09,0,MIGRATION_READY,False,REPLACE_LEGACY_CODE
130,CPSE-C,CPSEC-581141,8 IN CS WN FLG 300 CLASS,NOS,NMC-FLG-0006,8 IN CS WELD NECK FLANGE 300 CLASS,FLANGE,94.0,53.93,0,MIGRATION_READY,False,REPLACE_LEGACY_CODE
131,CPSE-B,CPSEB-684004,"4""CS SEAMLESS PIPE SCH80",MTR,NMC-PIPE-0008,4 IN CS SEAMLESS PIPE SCH80,PIPE,97.58,67.94,0,MIGRATION_READY,False,REPLACE_LEGACY_CODE
132,CPSE-A,CPSEA-503457,4 IN SS GRAPHITE GKT 150 CLASS,NOS,NMC-GASK-0007,4 IN SS GRAPHITE GASKET 150 CLASS,GASKET,99.68,68.58,0,MIGRATION_READY,False,REPLACE_LEGACY_CODE
133,CPSE-A,CPSEA-905635,8 IN CS SEAMLESS PIP SCH80,MTR,NMC-PIPE-0010,8 IN CS SEAMLESS PIPE SCH80,PIPE,95.26,68.18,0,MIGRATION_READY,False,REPLACE_LEGACY_CODE
134,CPSE-B,CPSEB-161733,ANGLE GRINDER 125MM 1100W,NOS,NMC-TOOL-0003,ANGLE GRINDER 125MM 1100W,INDUSTRIAL_TOOL,100.0,100.0,0,MIGRATION_READY,False,REPLACE_LEGACY_CODE
135,CPSE-B,CPSEB-717024,ANGLE GRINDER 100MM 750W,NOS,NMC-TOOL-0001,ANGLE GRINDER 100MM 750W,INDUSTRIAL_TOOL,100.0,100.0,0,MIGRATION_READY,False,REPLACE_LEGACY_CODE
136,CPSE-C,CPSEC-617488,3 IN SW SS GRAPHITE GASKET 150 CLASS,NOS,NMC-GASK-0002,3 IN SPIRAL WOUND SS GRAPHITE GASKET 150 CLASS,GASKET,97.67,66.89,0,MIGRATION_READY,False,REPLACE_LEGACY_CODE
137,CPSE-C,CPSEC-813328,10 IN GRAPHITE SW GASKET 150 CLASS,NOS,NMC-GASK-0009,10 IN GRAPHITE SPIRAL WOUND GASKET 150 CLASS,GASKET,97.1,66.51,0,MIGRATION_READY,False,REPLACE_LEGACY_CODE
138,CPSE-B,CPSEB-220116,"12""GRAPHITE SPIRAL WOUND GASK 300#",NOS,NMC-GASK-0010,12 IN GRAPHITE SPIRAL WOUND GASKET 300 CLASS,GASKET,91.76,91.76,0,MIGRATION_READY,False,REPLACE_LEGACY_CODE
139,CPSE-C,CPSEC-126225,M10X50 SS304 HEX BOLT,NOS,NMC-FAST-0001,M10 X 50 SS304 HEX BOLT,FASTENER,97.14,47.0,0,MIGRATION_READY,False,REPLACE_LEGACY_CODE
140,CPSE-B,CPSEB-440035,"6""SS304 SEAMLESS PIPE SCH40",MTR,NMC-PIPE-0009,6 IN SS304 SEAMLESS PIPE SCH40,PIPE,99.28,68.23,0,MIGRATION_READY,False,REPLACE_LEGACY_CODE
141,CPSE-C,CPSEC-688637,12 IN CS WN FLG 150 CLASS,NOS,NMC-FLG-0008,12 IN CS WELD NECK FLANGE 150 CLASS,FLANGE,94.17,53.69,0,MIGRATION_READY,False,REPLACE_LEGACY_CODE
142,CPSE-A,CPSEA-855731,12 IN GRAPHITE SPIRAL WOUND GKT 300 CLASS,NOS,NMC-GASK-0010,12 IN GRAPHITE SPIRAL WOUND GASKET 300 CLASS,GASKET,99.76,68.24,0,MIGRATION_READY,False,REPLACE_LEGACY_CODE
143,CPSE-A,CPSEA-340174,2 IN CS WELD NECK FLG 150 CLASS,NOS,NMC-FLG-0001,2 IN CS WELD NECK FLANGE 150 CLASS,FLANGE,97.2,0.87,0,MIGRATION_READY,False,REPLACE_LEGACY_CODE
144,CPSE-A,CPSEA-269396,3 PHASE INDUCTION MTR 5.5KW 415V 50HZ,NOS,NMC-MOTR-0001,3 PHASE INDUCTION MOTOR 5.5KW 415V 50HZ,MOTOR,100.0,67.77,0,MIGRATION_READY,False,REPLACE_LEGACY_CODE
145,CPSE-C,CPSEC-642717,C/PMP 150 M3/H 50M HEAD 37KW,NOS,NMC-PUMP-0007,CENTRIFUGAL PUMP 150 M3/H 50M HEAD 37KW,PUMP,97.12,97.12,0,MIGRATION_READY,False,REPLACE_LEGACY_CODE
146,CPSE-B,CPSEB-169403,"3""CS SLIP ON FLG 150#",NOS,NMC-FLG-0003,3 IN CS SLIP ON FLANGE 150 CLASS,FLANGE,95.21,66.01,0,MIGRATION_READY,False,REPLACE_LEGACY_CODE
147,CPSE-C,CPSEC-172933,6 IN CS BFV 150 CLASS,NOS,NMC-VALV-0005,6 IN CS BUTTERFLY VALVE 150 CLASS,VALVE,91.67,68.36,0,MIGRATION_READY,False,REPLACE_LEGACY_CODE
148,CPSE-C,CPSEC-671412,M10X30 SS304 HEX BOLT,NOS,NMC-FAST-0010,M10 X 30 SS304 HEX BOLT,FASTENER,97.14,47.0,0,MIGRATION_READY,False,REPLACE_LEGACY_CODE
149,CPSE-C,CPSEC-205907,8 IN CS GTV 300 CLASS,NOS,NMC-VALV-0008,8 IN CS GATE VALVE 300 CLASS,VALVE,92.03,69.51,0,MIGRATION_READY,False,REPLACE_LEGACY_CODE
150,CPSE-C,CPSEC-680828,C/PMP 300 M3/H 80M HEAD 75KW,NOS,NMC-PUMP-0010,CENTRIFUGAL PUMP 300 M3/H 80M HEAD 75KW,PUMP,97.12,97.12,0,MIGRATION_READY,False,REPLACE_LEGACY_CODE
151,CPSE-C,CPSEC-584714,2 IN SS304 SEAMLESS PIPE SCH10,MTR,NMC-PIPE-0006,2 IN SS304 SEAMLESS PIPE SCH10,PIPE,99.64,71.64,0,MIGRATION_READY,False,REPLACE_LEGACY_CODE
152,CPSE-B,CPSEB-422451,3 PHASE INDUCTION MOTOR 18.5KW 415V 50HZ,NOS,NMC-MOTR-0005,3 PHASE INDUCTION MOTOR 18.5KW 415V 50HZ,MOTOR,100.0,68.04,0,MIGRATION_READY,False,REPLACE_LEGACY_CODE
153,CPSE-C,CPSEC-149405,4 IN SW GRAPHITE GASKET 300 CLASS,NOS,NMC-GASK-0003,4 IN SPIRAL WOUND GRAPHITE GASKET 300 CLASS,GASKET,97.42,67.18,0,MIGRATION_READY,False,REPLACE_LEGACY_CODE
154,CPSE-B,CPSEB-132938,ELEC DRILL 10MM 650W,NOS,NMC-TOOL-0004,ELECTRIC DRILL 10MM 650W,INDUSTRIAL_TOOL,98.09,98.09,0,MIGRATION_READY,False,REPLACE_LEGACY_CODE
155,CPSE-A,CPSEA-543692,CENT PMP 50 M3/H 50M HEAD 11KW,NOS,NMC-PUMP-0003,CENTRIFUGAL PUMP 50 M3/H 50M HEAD 11KW,PUMP,96.65,96.65,0,MIGRATION_READY,False,REPLACE_LEGACY_CODE
156,CPSE-A,CPSEA-945964,3 PHASE INDUCTION MTR 18.5KW 415V 50HZ,NOS,NMC-MOTR-0005,3 PHASE INDUCTION MOTOR 18.5KW 415V 50HZ,MOTOR,100.0,68.04,0,MIGRATION_READY,False,REPLACE_LEGACY_CODE
157,CPSE-C,CPSEC-678856,2 IN SS304 GTV 300 CLASS,NOS,NMC-VALV-0002,2 IN SS304 GATE VALVE 300 CLASS,VALVE,95.58,70.49,0,MIGRATION_READY,False,REPLACE_LEGACY_CODE
158,CPSE-A,CPSEA-632342,4C X 16 SQMM PVC CABL 1.1KV,MTR,NMC-CABL-0007,4C X 16 SQMM PVC CABLE 1.1KV,ELECTRICAL_CABLE,99.62,55.1,0,MIGRATION_READY,False,REPLACE_LEGACY_CODE
159,CPSE-B,CPSEB-391476,"10""CS BUTTERFLY VAL 150#",NOS,NMC-VALV-0009,10 IN CS BUTTERFLY VALVE 150 CLASS,VALVE,93.24,93.24,0,MIGRATION_READY,False,REPLACE_LEGACY_CODE
160,CPSE-A,CPSEA-656116,3 PHASE INDUCTION MTR 7.5KW 415V 50HZ,NOS,NMC-MOTR-0002,3 PHASE INDUCTION MOTOR 7.5KW 415V 50HZ,MOTOR,100.0,68.04,0,MIGRATION_READY,False,REPLACE_LEGACY_CODE
161,CPSE-A,CPSEA-214975,6 IN SPIRAL WOUND GRAPHITE GKT 150 CLASS,NOS,NMC-GASK-0004,6 IN SPIRAL WOUND GRAPHITE GASKET 150 CLASS,GASKET,99.75,68.23,0,MIGRATION_READY,False,REPLACE_LEGACY_CODE
162,CPSE-A,CPSEA-671858,M20 X 80 GI HEX BOLT,NOS,NMC-FAST-0005,M20 X 80 GALVANIZED STEEL HEX BOLT,FASTENER,98.09,98.09,0,MIGRATION_READY,False,REPLACE_LEGACY_CODE
163,CPSE-C,CPSEC-948749,DGB BRG 6206,NOS,NMC-BEAR-0002,DEEP GROOVE BALL BEARING 6206,BEARING,97.0,4.93,0,MIGRATION_READY,False,REPLACE_LEGACY_CODE
164,CPSE-B,CPSEB-835392,M10X30 SS304 HEX BOLT,NOS,NMC-FAST-0010,M10 X 30 SS304 HEX BOLT,FASTENER,97.14,47.0,0,MIGRATION_READY,False,REPLACE_LEGACY_CODE
165,CPSE-B,CPSEB-881177,"12""CS WELD NECK FLG 150#",NOS,NMC-FLG-0008,12 IN CS WELD NECK FLANGE 150 CLASS,FLANGE,94.33,65.33,0,MIGRATION_READY,False,REPLACE_LEGACY_CODE
166,CPSE-C,CPSEC-349565,E-DRILL 13MM 800W,NOS,NMC-TOOL-0005,ELECTRIC DRILL 13MM 800W,INDUSTRIAL_TOOL,94.37,94.37,0,MIGRATION_READY,False,REPLACE_LEGACY_CODE
167,CPSE-C,CPSEC-426858,C/PMP 100 M3/H 50M HEAD 22KW,NOS,NMC-PUMP-0005,CENTRIFUGAL PUMP 100 M3/H 50M HEAD 22KW,PUMP,97.12,97.12,0,MIGRATION_READY,False,REPLACE_LEGACY_CODE
168,CPSE-C,CPSEC-724834,4 IN SS GRAPHITE GASKET 150 CLASS,NOS,NMC-GASK-0007,4 IN SS GRAPHITE GASKET 150 CLASS,GASKET,99.68,68.58,0,MIGRATION_READY,False,REPLACE_LEGACY_CODE
169,CPSE-A,CPSEA-201414,TAPERED ROLLER BRG 30206,NOS,NMC-BEAR-0008,TAPERED ROLLER BEARING 30206,BEARING,100.0,0.75,0,MIGRATION_READY,False,REPLACE_LEGACY_CODE
170,CPSE-C,CPSEC-379946,3 IN CS SEAMLESS PIPE SCH40,MTR,NMC-PIPE-0002,3 IN CS SEAMLESS PIPE SCH40,PIPE,96.35,1.06,0,MIGRATION_READY,False,REPLACE_LEGACY_CODE
171,CPSE-B,CPSEB-492077,4CX50 SQMM PVC CABLE 1.1KV,MTR,NMC-CABL-0010,4C X 50 SQMM PVC CABLE 1.1KV,ELECTRICAL_CABLE,98.44,55.11,0,MIGRATION_READY,False,REPLACE_LEGACY_CODE
172,CPSE-B,CPSEB-322086,CENTRIF PUMP 50 M3/H 50M HEAD 11KW,NOS,NMC-PUMP-0003,CENTRIFUGAL PUMP 50 M3/H 50M HEAD 11KW,PUMP,97.67,97.67,0,MIGRATION_READY,False,REPLACE_LEGACY_CODE
173,CPSE-C,CPSEC-543143,DGB BRG 6305,NOS,NMC-BEAR-0004,DEEP GROOVE BALL BEARING 6305,BEARING,97.0,4.93,0,MIGRATION_READY,False,REPLACE_LEGACY_CODE
174,CPSE-C,CPSEC-482554,2 IN CS GLV 150 CLASS,NOS,NMC-VALV-0010,2 IN CS GLOBE VALVE 150 CLASS,VALVE,92.53,1.14,0,BLOCKED,True,NO_MIGRATION
175,CPSE-B,CPSEB-653306,CENTRIF PUMP 30 M3/H 40M HEAD 7.5KW,NOS,NMC-PUMP-0002,CENTRIFUGAL PUMP 30 M3/H 40M HEAD 7.5KW,PUMP,97.73,97.73,0,MIGRATION_READY,False,REPLACE_LEGACY_CODE
176,CPSE-B,CPSEB-774079,"8""CS WELD NECK FLG 300#",NOS,NMC-FLG-0006,8 IN CS WELD NECK FLANGE 300 CLASS,FLANGE,95.52,66.04,0,MIGRATION_READY,False,REPLACE_LEGACY_CODE
177,CPSE-C,CPSEC-850800,M20X100 CS HEX BOLT,NOS,NMC-FAST-0009,M20 X 100 CARBON STEEL HEX BOLT,FASTENER,97.2,95.06,0,MIGRATION_READY,False,REPLACE_LEGACY_CODE
178,CPSE-C,CPSEC-704201,WELDING MACHINE 200A,NOS,NMC-TOOL-0008,WELDING MACHINE 200A,INDUSTRIAL_TOOL,100.0,100.0,0,MIGRATION_READY,False,REPLACE_LEGACY_CODE
179,CPSE-A,CPSEA-358607,12 IN CS WELD NECK FLG 150 CLASS,NOS,NMC-FLG-0008,12 IN CS WELD NECK FLANGE 150 CLASS,FLANGE,96.9,53.01,0,MIGRATION_READY,False,REPLACE_LEGACY_CODE
180,CPSE-C,CPSEC-755674,4CX16 SQMM PVC CABLE 1.1KV,MTR,NMC-CABL-0007,4C X 16 SQMM PVC CABLE 1.1KV,ELECTRICAL_CABLE,97.67,54.34,0,MIGRATION_READY,False,REPLACE_LEGACY_CODE
181,CPSE-A,CPSEA-770487,M10 X 50 SS304 HEX BOLT,NOS,NMC-FAST-0001,M10 X 50 SS304 HEX BOLT,FASTENER,97.14,47.0,0,MIGRATION_READY,False,REPLACE_LEGACY_CODE
182,CPSE-B,CPSEB-716886,CENTRIF PUMP 300 M3/H 80M HEAD 75KW,NOS,NMC-PUMP-0010,CENTRIFUGAL PUMP 300 M3/H 80M HEAD 75KW,PUMP,97.73,97.73,0,MIGRATION_READY,False,REPLACE_LEGACY_CODE
183,CPSE-C,CPSEC-330914,A/GRINDER 100MM 750W,NOS,NMC-TOOL-0001,ANGLE GRINDER 100MM 750W,INDUSTRIAL_TOOL,42.52,42.52,1,BLOCKED,True,NO_MIGRATION
184,CPSE-B,CPSEB-738720,"6""CS SEAMLESS PIPE SCH80",MTR,NMC-PIPE-0004,6 IN CS SEAMLESS PIPE SCH80,PIPE,97.58,67.94,0,MIGRATION_READY,False,REPLACE_LEGACY_CODE
185,CPSE-B,CPSEB-559381,CENTRIF PUMP 150 M3/H 50M HEAD 37KW,NOS,NMC-PUMP-0007,CENTRIFUGAL PUMP 150 M3/H 50M HEAD 37KW,PUMP,97.73,97.73,0,MIGRATION_READY,False,REPLACE_LEGACY_CODE
186,CPSE-A,CPSEA-518373,CENT PMP 120 M3/H 60M HEAD 30KW,NOS,NMC-PUMP-0006,CENTRIFUGAL PUMP 120 M3/H 60M HEAD 30KW,PUMP,96.75,96.75,0,MIGRATION_READY,False,REPLACE_LEGACY_CODE
187,CPSE-A,CPSEA-590785,6 IN PTFE FULL FACE GKT 300 CLASS,NOS,NMC-GASK-0008,6 IN PTFE FULL FACE GASKET 300 CLASS,GASKET,99.7,75.02,0,MIGRATION_READY,False,REPLACE_LEGACY_CODE
188,CPSE-C,CPSEC-779514,4 IN SS304 SEAMLESS PIPE SCH40,MTR,NMC-PIPE-0003,4 IN SS304 SEAMLESS PIPE SCH40,PIPE,99.64,68.21,0,MIGRATION_READY,False,REPLACE_LEGACY_CODE
189,CPSE-A,CPSEA-106814,DEEP GROOVE BALL BRG 6207,NOS,NMC-BEAR-0003,DEEP GROOVE BALL BEARING 6207,BEARING,100.0,0.72,0,MIGRATION_READY,False,REPLACE_LEGACY_CODE
190,CPSE-B,CPSEB-662275,"2""SS304 GATE VAL 150#",NOS,NMC-VALV-0001,2 IN SS304 GATE VALVE 150 CLASS,VALVE,95.64,2.38,0,MIGRATION_READY,False,REPLACE_LEGACY_CODE
191,CPSE-A,CPSEA-518801,2 IN SPIRAL WOUND SS GRAPHITE GKT 150 CLASS,NOS,NMC-GASK-0001,2 IN SPIRAL WOUND SS GRAPHITE GASKET 150 CLASS,GASKET,99.77,7.81,0,MIGRATION_READY,False,REPLACE_LEGACY_CODE
192,CPSE-C,CPSEC-903035,3 PHASE IND MTR 45KW 415V 50HZ,NOS,NMC-MOTR-0009,3 PHASE INDUCTION MOTOR 45KW 415V 50HZ,MOTOR,98.6,68.5,0,MIGRATION_READY,False,REPLACE_LEGACY_CODE
193,CPSE-B,CPSEB-982554,4CX25 SQMM PVC CABLE 1.1KV,MTR,NMC-CABL-0008,4C X 25 SQMM PVC CABLE 1.1KV,ELECTRICAL_CABLE,97.67,54.34,0,MIGRATION_READY,False,REPLACE_LEGACY_CODE
194,CPSE-C,CPSEC-273148,C/PMP 20 M3/H 30M HEAD 5.5KW,NOS,NMC-PUMP-0001,CENTRIFUGAL PUMP 20 M3/H 30M HEAD 5.5KW,PUMP,97.12,97.12,0,MIGRATION_READY,False,REPLACE_LEGACY_CODE
195,CPSE-C,CPSEC-876646,M16X60 CS HEX BOLT,NOS,NMC-FAST-0004,M16 X 60 CARBON STEEL HEX BOLT,FASTENER,97.83,95.33,0,MIGRATION_READY,False,REPLACE_LEGACY_CODE
196,CPSE-C,CPSEC-922733,TORQUE WRENCH 50-250NM,NOS,NMC-TOOL-0009,TORQUE WRENCH 50-250NM,INDUSTRIAL_TOOL,100.0,100.0,0,MIGRATION_READY,False,REPLACE_LEGACY_CODE
197,CPSE-A,CPSEA-122056,CENT PMP 300 M3/H 80M HEAD 75KW,NOS,NMC-PUMP-0010,CENTRIFUGAL PUMP 300 M3/H 80M HEAD 75KW,PUMP,96.75,96.75,0,MIGRATION_READY,False,REPLACE_LEGACY_CODE
198,CPSE-A,CPSEA-781453,M10 X 30 SS304 HEX BOLT,NOS,NMC-FAST-0010,M10 X 30 SS304 HEX BOLT,FASTENER,97.14,47.0,0,MIGRATION_READY,False,REPLACE_LEGACY_CODE
199,CPSE-A,CPSEA-217301,3 PHASE INDUCTION MTR 15KW 415V 50HZ,NOS,NMC-MOTR-0004,3 PHASE INDUCTION MOTOR 15KW 415V 50HZ,MOTOR,100.0,68.04,0,MIGRATION_READY,False,REPLACE_LEGACY_CODE
200,CPSE-B,CPSEB-388389,M12X50 SS304 HEX BOLT,NOS,NMC-FAST-0002,M12 X 50 SS304 HEX BOLT,FASTENER,97.14,56.46,0,MIGRATION_READY,False,REPLACE_LEGACY_CODE
201,CPSE-C,CPSEC-133659,2 IN CS WN FLG 150 CLASS,NOS,NMC-FLG-0001,2 IN CS WELD NECK FLANGE 150 CLASS,FLANGE,94.0,0.04,0,BLOCKED,True,NO_MIGRATION
202,CPSE-C,CPSEC-571029,DGB BRG 6205,NOS,NMC-BEAR-0001,DEEP GROOVE BALL BEARING 6205,BEARING,97.0,4.93,0,MIGRATION_READY,False,REPLACE_LEGACY_CODE
203,CPSE-A,CPSEA-632323,3C X 35 SQMM PVC CABL 1.1KV,MTR,NMC-CABL-0009,3C X 35 SQMM PVC CABLE 1.1KV,ELECTRICAL_CABLE,99.62,55.45,0,MIGRATION_READY,False,REPLACE_LEGACY_CODE
204,CPSE-A,CPSEA-267753,8 IN PTFE FULL FACE GKT 150 CLASS,NOS,NMC-GASK-0005,8 IN PTFE FULL FACE GASKET 150 CLASS,GASKET,99.7,68.09,0,MIGRATION_READY,False,REPLACE_LEGACY_CODE
205,CPSE-C,CPSEC-899550,4CX50 SQMM PVC CABLE 1.1KV,MTR,NMC-CABL-0010,4C X 50 SQMM PVC CABLE 1.1KV,ELECTRICAL_CABLE,98.44,55.11,0,MIGRATION_READY,False,REPLACE_LEGACY_CODE
206,CPSE-A,CPSEA-392004,IMPACT WRENCH 1/2 IN 500W,NOS,NMC-TOOL-0006,IMPACT WRENCH 1/2 IN 500W,INDUSTRIAL_TOOL,98.71,98.71,0,MIGRATION_READY,False,REPLACE_LEGACY_CODE
207,CPSE-A,CPSEA-249811,10 IN SS304 SLIP ON FLG 150 CLASS,NOS,NMC-FLG-0007,10 IN SS304 SLIP ON FLANGE 150 CLASS,FLANGE,99.7,56.01,0,MIGRATION_READY,False,REPLACE_LEGACY_CODE
208,CPSE-C,CPSEC-230889,2 IN SS304 GTV 150 CLASS,NOS,NMC-VALV-0001,2 IN SS304 GATE VALVE 150 CLASS,VALVE,95.58,4.46,0,MIGRATION_READY,False,REPLACE_LEGACY_CODE
209,CPSE-A,CPSEA-514850,8 IN CS WELD NECK FLG 300 CLASS,NOS,NMC-FLG-0006,8 IN CS WELD NECK FLANGE 300 CLASS,FLANGE,97.2,54.18,0,MIGRATION_READY,False,REPLACE_LEGACY_CODE
210,CPSE-C,CPSEC-321231,3 IN CS SO FLG 150 CLASS,NOS,NMC-FLG-0003,3 IN CS SLIP ON FLANGE 150 CLASS,FLANGE,95.06,53.93,0,MIGRATION_READY,False,REPLACE_LEGACY_CODE
211,CPSE-C,CPSEC-238739,CUTTING MACHINE 355MM 2000W,NOS,NMC-TOOL-0007,CUTTING MACHINE 355MM 2000W,INDUSTRIAL_TOOL,100.0,100.0,0,MIGRATION_READY,False,REPLACE_LEGACY_CODE
212,CPSE-C,CPSEC-872246,M10X75 SS316 HEX BOLT,NOS,NMC-FAST-0003,M10 X 75 SS316 HEX BOLT,FASTENER,97.14,95.46,0,MIGRATION_READY,False,REPLACE_LEGACY_CODE
213,CPSE-B,CPSEB-479201,"4""SS316 BALL VAL 150#",NOS,NMC-VALV-0004,4 IN SS316 BALL VALVE 150 CLASS,VALVE,95.64,5.55,0,MIGRATION_READY,False,REPLACE_LEGACY_CODE
214,CPSE-A,CPSEA-335612,CENT PMP 250 M3/H 70M HEAD 55KW,NOS,NMC-PUMP-0009,CENTRIFUGAL PUMP 250 M3/H 70M HEAD 55KW,PUMP,96.75,96.75,0,MIGRATION_READY,False,REPLACE_LEGACY_CODE
215,CPSE-B,CPSEB-182627,"2""SS304 GATE VAL 300#",NOS,NMC-VALV-0001,2 IN SS304 GATE VALVE 150 CLASS,VALVE,92.47,0.0,0,BLOCKED,True,NO_MIGRATION
216,CPSE-C,CPSEC-263032,DGB BRG 6306,NOS,NMC-BEAR-0005,DEEP GROOVE BALL BEARING 6306,BEARING,97.0,4.93,0,MIGRATION_READY,False,REPLACE_LEGACY_CODE
217,CPSE-A,CPSEA-170674,ELEC DRILL 10MM 650W,NOS,NMC-TOOL-0004,ELECTRIC DRILL 10MM 650W,INDUSTRIAL_TOOL,98.09,98.09,0,MIGRATION_READY,False,REPLACE_LEGACY_CODE
218,CPSE-A,CPSEA-195325,4 IN SPIRAL WOUND GRAPHITE GKT 300 CLASS,NOS,NMC-GASK-0003,4 IN SPIRAL WOUND GRAPHITE GASKET 300 CLASS,GASKET,99.75,68.23,0,MIGRATION_READY,False,REPLACE_LEGACY_CODE
219,CPSE-B,CPSEB-832052,DEEP GROOVE BALL BEARING 6305,NOS,NMC-BEAR-0004,DEEP GROOVE BALL BEARING 6305,BEARING,100.0,0.72,0,MIGRATION_READY,False,REPLACE_LEGACY_CODE
220,CPSE-A,CPSEA-944151,2 IN SS304 WELD NECK FLG 150 CLASS,NOS,NMC-FLG-0002,2 IN SS304 WELD NECK FLANGE 150 CLASS,FLANGE,99.71,2.51,0,MIGRATION_READY,False,REPLACE_LEGACY_CODE
221,CPSE-C,CPSEC-842225,A/GRINDER 115MM 900W,NOS,NMC-TOOL-0002,ANGLE GRINDER 115MM 900W,INDUSTRIAL_TOOL,42.52,42.52,1,BLOCKED,True,NO_MIGRATION
222,CPSE-A,CPSEA-439902,3 PHASE INDUCTION MTR 11KW 415V 50HZ,NOS,NMC-MOTR-0003,3 PHASE INDUCTION MOTOR 11KW 415V 50HZ,MOTOR,100.0,68.05,0,MIGRATION_READY,False,REPLACE_LEGACY_CODE
223,CPSE-A,CPSEA-245051,3 IN SPIRAL WOUND SS GRAPHITE GKT 150 CLASS,NOS,NMC-GASK-0002,3 IN SPIRAL WOUND SS GRAPHITE GASKET 150 CLASS,GASKET,99.77,67.96,0,MIGRATION_READY,False,REPLACE_LEGACY_CODE
224,CPSE-C,CPSEC-127824,M16X75 SS304 HEX BOLT,NOS,NMC-FAST-0008,M16 X 75 SS304 HEX BOLT,FASTENER,97.14,95.46,0,MIGRATION_READY,False,REPLACE_LEGACY_CODE
225,CPSE-A,CPSEA-573417,CENT PMP 200 M3/H 60M HEAD 45KW,NOS,NMC-PUMP-0008,CENTRIFUGAL PUMP 200 M3/H 60M HEAD 45KW,PUMP,96.75,96.75,0,MIGRATION_READY,False,REPLACE_LEGACY_CODE
226,CPSE-C,CPSEC-771088,3 IN SS316 SEAMLESS PIPE SCH40,MTR,NMC-PIPE-0007,3 IN SS316 SEAMLESS PIPE SCH40,PIPE,99.64,3.29,0,MIGRATION_READY,False,REPLACE_LEGACY_CODE
227,CPSE-A,CPSEA-996865,8 IN CS GATE VLV 300 CLASS,NOS,NMC-VALV-0008,8 IN CS GATE VALVE 300 CLASS,VALVE,96.5,68.53,0,MIGRATION_READY,False,REPLACE_LEGACY_CODE
228,CPSE-A,CPSEA-260263,4C X 50 SQMM PVC CABL 1.1KV,MTR,NMC-CABL-0010,4C X 50 SQMM PVC CABLE 1.1KV,ELECTRICAL_CABLE,99.62,55.1,0,MIGRATION_READY,False,REPLACE_LEGACY_CODE
229,CPSE-C,CPSEC-916449,3 PHASE IND MTR 5.5KW 415V 50HZ,NOS,NMC-MOTR-0001,3 PHASE INDUCTION MOTOR 5.5KW 415V 50HZ,MOTOR,98.65,68.22,0,MIGRATION_READY,False,REPLACE_LEGACY_CODE
230,CPSE-A,CPSEA-267414,DEEP GROOVE BALL BRG 6305,NOS,NMC-BEAR-0004,DEEP GROOVE BALL BEARING 6305,BEARING,100.0,0.72,0,MIGRATION_READY,False,REPLACE_LEGACY_CODE
231,CPSE-A,CPSEA-598369,CENT PMP 20 M3/H 30M HEAD 5.5KW,NOS,NMC-PUMP-0001,CENTRIFUGAL PUMP 20 M3/H 30M HEAD 5.5KW,PUMP,96.75,96.75,0,MIGRATION_READY,False,REPLACE_LEGACY_CODE
232,CPSE-A,CPSEA-858490,WELDING MACHINE 200A,NOS,NMC-TOOL-0008,WELDING MACHINE 200A,INDUSTRIAL_TOOL,100.0,100.0,0,MIGRATION_READY,False,REPLACE_LEGACY_CODE
233,CPSE-A,CPSEA-491559,CENT PMP 150 M3/H 50M HEAD 37KW,NOS,NMC-PUMP-0007,CENTRIFUGAL PUMP 150 M3/H 50M HEAD 37KW,PUMP,96.75,96.75,0,MIGRATION_READY,False,REPLACE_LEGACY_CODE
234,CPSE-B,CPSEB-211579,4CX16 SQMM PVC CABLE 1.1KV,MTR,NMC-CABL-0007,4C X 16 SQMM PVC CABLE 1.1KV,ELECTRICAL_CABLE,97.67,54.34,0,MIGRATION_READY,False,REPLACE_LEGACY_CODE
235,CPSE-C,CPSEC-719176,M20X80 GI HEX BOLT,NOS,NMC-FAST-0005,M20 X 80 GALVANIZED STEEL HEX BOLT,FASTENER,98.09,98.09,0,MIGRATION_READY,False,REPLACE_LEGACY_CODE
236,CPSE-C,CPSEC-452944,DGB BRG 6307,NOS,NMC-BEAR-0006,DEEP GROOVE BALL BEARING 6307,BEARING,97.0,4.93,0,MIGRATION_READY,False,REPLACE_LEGACY_CODE
237,CPSE-B,CPSEB-802729,"3""CS SEAMLESS PIPE SCH40",MTR,NMC-PIPE-0002,3 IN CS SEAMLESS PIPE SCH40,PIPE,97.58,0.25,0,MIGRATION_READY,False,REPLACE_LEGACY_CODE
238,CPSE-C,CPSEC-359947,C/PMP 200 M3/H 60M HEAD 45KW,NOS,NMC-PUMP-0008,CENTRIFUGAL PUMP 200 M3/H 60M HEAD 45KW,PUMP,97.12,97.12,0,MIGRATION_READY,False,REPLACE_LEGACY_CODE
239,CPSE-C,CPSEC-694916,3 PHASE IND MTR 22KW 415V 50HZ,NOS,NMC-MOTR-0006,3 PHASE INDUCTION MOTOR 22KW 415V 50HZ,MOTOR,98.6,69.1,0,MIGRATION_READY,False,REPLACE_LEGACY_CODE
240,CPSE-A,CPSEA-107540,ANGLE GRINDER 115MM 900W,NOS,NMC-TOOL-0002,ANGLE GRINDER 115MM 900W,INDUSTRIAL_TOOL,100.0,100.0,0,MIGRATION_READY,False,REPLACE_LEGACY_CODE
241,CPSE-A,CPSEA-412942,4C X 25 SQMM PVC CABL 1.1KV,MTR,NMC-CABL-0008,4C X 25 SQMM PVC CABLE 1.1KV,ELECTRICAL_CABLE,99.62,55.1,0,MIGRATION_READY,False,REPLACE_LEGACY_CODE
242,CPSE-C,CPSEC-757924,6 IN SW GRAPHITE GASKET 150 CLASS,NOS,NMC-GASK-0004,6 IN SPIRAL WOUND GRAPHITE GASKET 150 CLASS,GASKET,97.42,66.54,0,MIGRATION_READY,False,REPLACE_LEGACY_CODE
243,CPSE-B,CPSEB-391369,DEEP GROOVE BALL BEARING 6306,NOS,NMC-BEAR-0005,DEEP GROOVE BALL BEARING 6306,BEARING,100.0,0.72,0,MIGRATION_READY,False,REPLACE_LEGACY_CODE
244,CPSE-B,CPSEB-612340,3 PHASE INDUCTION MOTOR 11KW 415V 50HZ,NOS,NMC-MOTR-0003,3 PHASE INDUCTION MOTOR 11KW 415V 50HZ,MOTOR,100.0,68.05,0,MIGRATION_READY,False,REPLACE_LEGACY_CODE
245,CPSE-B,CPSEB-375504,"4""SS304 SLIP ON FLG 300#",NOS,NMC-FLG-0009,4 IN SS304 SLIP ON FLANGE 300 CLASS,FLANGE,97.0,66.87,0,MIGRATION_READY,False,REPLACE_LEGACY_CODE
246,CPSE-B,CPSEB-575763,3CX4 SQMM PVC CABLE 1.1KV,MTR,NMC-CABL-0004,3C X 4 SQMM PVC CABLE 1.1KV,ELECTRICAL_CABLE,98.38,54.33,0,MIGRATION_READY,False,REPLACE_LEGACY_CODE
247,CPSE-B,CPSEB-480612,3 PHASE INDUCTION MOTOR 15KW 415V 50HZ,NOS,NMC-MOTR-0004,3 PHASE INDUCTION MOTOR 15KW 415V 50HZ,MOTOR,100.0,68.04,0,MIGRATION_READY,False,REPLACE_LEGACY_CODE
248,CPSE-C,CPSEC-823378,C/PMP 75 M3/H 40M HEAD 15KW,NOS,NMC-PUMP-0004,CENTRIFUGAL PUMP 75 M3/H 40M HEAD 15KW,PUMP,97.0,97.0,0,MIGRATION_READY,False,REPLACE_LEGACY_CODE
249,CPSE-A,CPSEA-877572,M12 X 50 SS304 HEX BOLT,NOS,NMC-FAST-0002,M12 X 50 SS304 HEX BOLT,FASTENER,97.14,56.46,0,MIGRATION_READY,False,REPLACE_LEGACY_CODE
250,CPSE-A,CPSEA-356702,2 IN SS304 SEAMLESS PIP SCH10,MTR,NMC-PIPE-0006,2 IN SS304 SEAMLESS PIPE SCH10,PIPE,99.28,71.74,0,MIGRATION_READY,False,REPLACE_LEGACY_CODE
251,CPSE-C,CPSEC-988662,TR BRG 30206,NOS,NMC-BEAR-0008,TAPERED ROLLER BEARING 30206,BEARING,97.83,4.51,0,MIGRATION_READY,False,REPLACE_LEGACY_CODE
252,CPSE-B,CPSEB-787277,"6""CS SLIP ON FLG 150#",NOS,NMC-FLG-0005,6 IN CS SLIP ON FLANGE 150 CLASS,FLANGE,95.21,66.01,0,MIGRATION_READY,False,REPLACE_LEGACY_CODE
253,CPSE-B,CPSEB-216739,M10X50 SS304 HEX BOLT,NOS,NMC-FAST-0001,M10 X 50 SS304 HEX BOLT,FASTENER,97.14,47.0,0,MIGRATION_READY,False,REPLACE_LEGACY_CODE
254,CPSE-C,CPSEC-429963,4 IN SS316 WN FLG 300 CLASS,NOS,NMC-FLG-0004,4 IN SS316 WELD NECK FLANGE 300 CLASS,FLANGE,97.12,56.5,0,MIGRATION_READY,False,REPLACE_LEGACY_CODE
255,CPSE-B,CPSEB-660086,"8""SS316 SEAMLESS PIPE SCH40",MTR,NMC-PIPE-0005,8 IN SS316 SEAMLESS PIPE SCH40,PIPE,99.28,68.23,0,MIGRATION_READY,False,REPLACE_LEGACY_CODE
256,CPSE-B,CPSEB-197251,TAPERED ROLLER BEARING 30205,NOS,NMC-BEAR-0007,TAPERED ROLLER BEARING 30205,BEARING,100.0,0.75,0,MIGRATION_READY,False,REPLACE_LEGACY_CODE
257,CPSE-C,CPSEC-183667,6 IN SS316 BLV 300 CLASS,NOS,NMC-VALV-0007,6 IN SS316 BALL VALVE 300 CLASS,VALVE,96.11,72.17,0,MIGRATION_READY,False,REPLACE_LEGACY_CODE
258,CPSE-B,CPSEB-738551,3CX35 SQMM PVC CABLE 1.1KV,MTR,NMC-CABL-0009,3C X 35 SQMM PVC CABLE 1.1KV,ELECTRICAL_CABLE,97.67,53.98,0,MIGRATION_READY,False,REPLACE_LEGACY_CODE
259,CPSE-B,CPSEB-391704,DEEP GROOVE BALL BEARING 6206,NOS,NMC-BEAR-0002,DEEP GROOVE BALL BEARING 6206,BEARING,100.0,0.72,0,MIGRATION_READY,False,REPLACE_LEGACY_CODE
260,CPSE-B,CPSEB-488162,"2""CS SEAMLESS PIPE SCH40",MTR,NMC-PIPE-0001,2 IN CS SEAMLESS PIPE SCH40,PIPE,97.58,67.94,0,MIGRATION_READY,False,REPLACE_LEGACY_CODE
261,CPSE-B,CPSEB-476417,TAPERED ROLLER BEARING 30206,NOS,NMC-BEAR-0008,TAPERED ROLLER BEARING 30206,BEARING,100.0,0.75,0,MIGRATION_READY,False,REPLACE_LEGACY_CODE
262,CPSE-B,CPSEB-676510,CENTRIF PUMP 20 M3/H 30M HEAD 5.5KW,NOS,NMC-PUMP-0001,CENTRIFUGAL PUMP 20 M3/H 30M HEAD 5.5KW,PUMP,97.73,97.73,0,MIGRATION_READY,False,REPLACE_LEGACY_CODE
263,CPSE-B,CPSEB-191161,M20X80 GALV HEX BOLT,NOS,NMC-FAST-0005,M20 X 80 GALVANIZED STEEL HEX BOLT,FASTENER,96.73,65.72,0,MIGRATION_READY,False,REPLACE_LEGACY_CODE
264,CPSE-B,CPSEB-974628,"2""CS GLOBE VAL 150#",NOS,NMC-VALV-0010,2 IN CS GLOBE VALVE 150 CLASS,VALVE,93.57,3.04,0,REVIEW_REQUIRED,True,VALIDATE_BEFORE_MIGRATION
265,CPSE-B,CPSEB-725380,"2""PTFE FULL FACE GASK 150#",NOS,NMC-GASK-0006,2 IN PTFE FULL FACE GASKET 150 CLASS,GASKET,93.0,6.52,0,MIGRATION_READY,False,REPLACE_LEGACY_CODE
266,CPSE-A,CPSEA-595631,TORQUE WRENCH 50-250NM,NOS,NMC-TOOL-0009,TORQUE WRENCH 50-250NM,INDUSTRIAL_TOOL,100.0,100.0,0,MIGRATION_READY,False,REPLACE_LEGACY_CODE
267,CPSE-C,CPSEC-623481,6 IN CS SO FLG 150 CLASS,NOS,NMC-FLG-0005,6 IN CS SLIP ON FLANGE 150 CLASS,FLANGE,95.06,53.93,0,MIGRATION_READY,False,REPLACE_LEGACY_CODE
268,CPSE-C,CPSEC-608993,IMPACT WRENCH 1/2 IN 500W,NOS,NMC-TOOL-0006,IMPACT WRENCH 1/2 IN 500W,INDUSTRIAL_TOOL,98.71,98.71,0,MIGRATION_READY,False,REPLACE_LEGACY_CODE
269,CPSE-A,CPSEA-377932,CENT PMP 30 M3/H 40M HEAD 7.5KW,NOS,NMC-PUMP-0002,CENTRIFUGAL PUMP 30 M3/H 40M HEAD 7.5KW,PUMP,96.75,96.75,0,MIGRATION_READY,False,REPLACE_LEGACY_CODE
270,CPSE-A,CPSEA-460663,TAPERED ROLLER BRG 30305,NOS,NMC-BEAR-0009,TAPERED ROLLER BEARING 30305,BEARING,100.0,0.75,0,MIGRATION_READY,False,REPLACE_LEGACY_CODE
271,CPSE-C,CPSEC-498382,TR BRG 30205,NOS,NMC-BEAR-0007,TAPERED ROLLER BEARING 30205,BEARING,97.83,4.51,0,MIGRATION_READY,False,REPLACE_LEGACY_CODE
272,CPSE-A,CPSEA-680099,10 IN GRAPHITE SPIRAL WOUND GKT 150 CLASS,NOS,NMC-GASK-0009,10 IN GRAPHITE SPIRAL WOUND GASKET 150 CLASS,GASKET,99.76,68.24,0,MIGRATION_READY,False,REPLACE_LEGACY_CODE
273,CPSE-A,CPSEA-265840,3C X 4 SQMM PVC CABL 1.1KV,MTR,NMC-CABL-0004,3C X 4 SQMM PVC CABLE 1.1KV,ELECTRICAL_CABLE,99.6,55.12,0,MIGRATION_READY,False,REPLACE_LEGACY_CODE
274,CPSE-B,CPSEB-946721,BENCH GRINDER 200MM 550W,NOS,NMC-TOOL-0010,BENCH GRINDER 200MM 550W,INDUSTRIAL_TOOL,100.0,100.0,0,MIGRATION_READY,False,REPLACE_LEGACY_CODE
275,CPSE-B,CPSEB-407757,3CX2.5 SQMM PVC CABLE 1.1KV,MTR,NMC-CABL-0003,3C X 2.5 SQMM PVC CABLE 1.1KV,ELECTRICAL_CABLE,97.0,53.58,0,MIGRATION_READY,False,REPLACE_LEGACY_CODE
276,CPSE-B,CPSEB-500156,"4""SS GRAPHITE GASK 150#",NOS,NMC-GASK-0007,4 IN SS GRAPHITE GASKET 150 CLASS,GASKET,94.47,3.56,0,REVIEW_REQUIRED,True,VALIDATE_BEFORE_MIGRATION
277,CPSE-B,CPSEB-145561,SPHERICAL ROLLER BEARING 22205,NOS,NMC-BEAR-0010,SPHERICAL ROLLER BEARING 22205,BEARING,100.0,100.0,0,MIGRATION_READY,False,REPLACE_LEGACY_CODE
278,CPSE-A,CPSEA-207175,TAPERED ROLLER BRG 30205,NOS,NMC-BEAR-0007,TAPERED ROLLER BEARING 30205,BEARING,100.0,0.75,0,MIGRATION_READY,False,REPLACE_LEGACY_CODE
279,CPSE-B,CPSEB-658582,3 PHASE INDUCTION MOTOR 45KW 415V 50HZ,NOS,NMC-MOTR-0009,3 PHASE INDUCTION MOTOR 45KW 415V 50HZ,MOTOR,100.0,68.05,0,MIGRATION_READY,False,REPLACE_LEGACY_CODE
280,CPSE-A,CPSEA-310922,CENT PMP 100 M3/H 50M HEAD 22KW,NOS,NMC-PUMP-0005,CENTRIFUGAL PUMP 100 M3/H 50M HEAD 22KW,PUMP,96.75,96.75,0,MIGRATION_READY,False,REPLACE_LEGACY_CODE
281,CPSE-A,CPSEA-629903,M16 X 75 SS304 HEX BOLT,NOS,NMC-FAST-0008,M16 X 75 SS304 HEX BOLT,FASTENER,97.14,95.46,0,MIGRATION_READY,False,REPLACE_LEGACY_CODE
282,CPSE-B,CPSEB-260265,"6""SPIRAL WOUND GRAPHITE GASK 150#",NOS,NMC-GASK-0004,6 IN SPIRAL WOUND GRAPHITE GASKET 150 CLASS,GASKET,94.27,6.27,0,MIGRATION_READY,False,REPLACE_LEGACY_CODE
283,CPSE-A,CPSEA-761759,ANGLE GRINDER 125MM 1100W,NOS,NMC-TOOL-0003,ANGLE GRINDER 125MM 1100W,INDUSTRIAL_TOOL,100.0,100.0,0,MIGRATION_READY,False,REPLACE_LEGACY_CODE
284,CPSE-C,CPSEC-103402,3CX4 SQMM PVC CABLE 1.1KV,MTR,NMC-CABL-0004,3C X 4 SQMM PVC CABLE 1.1KV,ELECTRICAL_CABLE,98.38,54.33,0,MIGRATION_READY,False,REPLACE_LEGACY_CODE
285,CPSE-C,CPSEC-781446,C/PMP 120 M3/H 60M HEAD 30KW,NOS,NMC-PUMP-0006,CENTRIFUGAL PUMP 120 M3/H 60M HEAD 30KW,PUMP,97.12,97.12,0,MIGRATION_READY,False,REPLACE_LEGACY_CODE
286,CPSE-C,CPSEC-711878,6 IN SS316 WN FLG 150 CLASS,NOS,NMC-FLG-0010,6 IN SS316 WELD NECK FLANGE 150 CLASS,FLANGE,97.12,55.52,0,MIGRATION_READY,False,REPLACE_LEGACY_CODE
287,CPSE-B,CPSEB-852787,"4""SS316 WELD NECK FLG 300#",NOS,NMC-FLG-0004,4 IN SS316 WELD NECK FLANGE 300 CLASS,FLANGE,97.18,67.15,0,MIGRATION_READY,False,REPLACE_LEGACY_CODE
288,CPSE-B,CPSEB-479580,"2""SPIRAL WOUND SS GRAPHITE GASK 150#",NOS,NMC-GASK-0001,2 IN SPIRAL WOUND SS GRAPHITE GASKET 150 CLASS,GASKET,94.69,5.91,0,MIGRATION_READY,False,REPLACE_LEGACY_CODE
289,CPSE-A,CPSEA-174870,6 IN CS SEAMLESS PIP SCH80,MTR,NMC-PIPE-0004,6 IN CS SEAMLESS PIPE SCH80,PIPE,95.26,68.18,0,MIGRATION_READY,False,REPLACE_LEGACY_CODE
290,CPSE-A,CPSEA-766563,2 IN CS GLOBE VLV 150 CLASS,NOS,NMC-VALV-0010,2 IN CS GLOBE VALVE 150 CLASS,VALVE,96.64,3.94,0,MIGRATION_READY,False,REPLACE_LEGACY_CODE
291,CPSE-B,CPSEB-100599,3 PHASE INDUCTION MOTOR 7.5KW 415V 50HZ,NOS,NMC-MOTR-0002,3 PHASE INDUCTION MOTOR 7.5KW 415V 50HZ,MOTOR,100.0,68.04,0,MIGRATION_READY,False,REPLACE_LEGACY_CODE
292,CPSE-B,CPSEB-961722,"2""CS WELD NECK FLG 150#",NOS,NMC-FLG-0001,2 IN CS WELD NECK FLANGE 150 CLASS,FLANGE,95.52,0.11,0,MIGRATION_READY,False,REPLACE_LEGACY_CODE
293,CPSE-C,CPSEC-526833,BENCH GRINDER 200MM 550W,NOS,NMC-TOOL-0010,BENCH GRINDER 200MM 550W,INDUSTRIAL_TOOL,100.0,100.0,0,MIGRATION_READY,False,REPLACE_LEGACY_CODE
294,CPSE-C,CPSEC-343962,M12X80 SS316 HEX BOLT,NOS,NMC-FAST-0007,M12 X 80 SS316 HEX BOLT,FASTENER,97.14,95.46,0,MIGRATION_READY,False,REPLACE_LEGACY_CODE
295,CPSE-C,CPSEC-555884,3CX2.5 SQMM PVC CABLE 1.1KV,MTR,NMC-CABL-0003,3C X 2.5 SQMM PVC CABLE 1.1KV,ELECTRICAL_CABLE,97.0,53.58,0,MIGRATION_READY,False,REPLACE_LEGACY_CODE
296,CPSE-C,CPSEC-705397,4 IN SS316 BLV 150 CLASS,NOS,NMC-VALV-0004,4 IN SS316 BALL VALVE 150 CLASS,VALVE,96.11,3.89,0,MIGRATION_READY,False,REPLACE_LEGACY_CODE
297,CPSE-B,CPSEB-271339,"2""SS304 SEAMLESS PIPE SCH10",MTR,NMC-PIPE-0006,2 IN SS304 SEAMLESS PIPE SCH10,PIPE,99.28,70.98,0,MIGRATION_READY,False,REPLACE_LEGACY_CODE
298,CPSE-A,CPSEA-341292,ANGLE GRINDER 100MM 750W,NOS,NMC-TOOL-0001,ANGLE GRINDER 100MM 750W,INDUSTRIAL_TOOL,100.0,100.0,0,MIGRATION_READY,False,REPLACE_LEGACY_CODE
299,CPSE-A,CPSEA-279451,8 IN SS316 SEAMLESS PIP SCH40,MTR,NMC-PIPE-0005,8 IN SS316 SEAMLESS PIPE SCH40,PIPE,99.28,68.23,0,MIGRATION_READY,False,REPLACE_LEGACY_CODE
