record_id,cpse,cpse_material_code,cpse_description,cpse_uom,national_material_code,canonical_description,category,confidence,confidence_gap,conflict_count,migration_status,priority,review_status,reviewer,review_comment,review_timestamp,decision,decision_timestamp
28,CPSE-B,CPSEB-892495,"4""SPIRAL WOUND GRAPHITE GASK 300#",NOS,NMC-GASK-0003,4 IN SPIRAL WOUND GRAPHITE GASKET 300 CLASS,GASKET,94.27,2.73,0,BLOCKED,CRITICAL,PENDING,,,,,
55,CPSE-C,CPSEC-340062,A/GRINDER 125MM 1100W,NOS,NMC-TOOL-0003,ANGLE GRINDER 125MM 1100W,INDUSTRIAL_TOOL,42.57,42.57,1,BLOCKED,CRITICAL,PENDING,,,,,
174,CPSE-C,CPSEC-482554,2 IN CS GLV 150 CLASS,NOS,NMC-VALV-0010,2 IN CS GLOBE VALVE 150 CLASS,VALVE,92.53,1.14,0,BLOCKED,CRITICAL,PENDING,,,,,
183,CPSE-C,CPSEC-330914,A/GRINDER 100MM 750W,NOS,NMC-TOOL-0001,ANGLE GRINDER 100MM 750W,INDUSTRIAL_TOOL,42.52,42.52,1,BLOCKED,CRITICAL,PENDING,,,,,
201,CPSE-C,CPSEC-133659,2 IN CS WN FLG 150 CLASS,NOS,NMC-FLG-0001,2 IN CS WELD NECK FLANGE 150 CLASS,FLANGE,94.0,0.04,0,BLOCKED,CRITICAL,PENDING,,,,,
215,CPSE-B,CPSEB-182627,"2""SS304 GATE VAL 300#",NOS,NMC-VALV-0001,2 IN SS304 GATE VALVE 150 CLASS,VALVE,92.47,0.0,0,BLOCKED,CRITICAL,PENDING,,,,,
221,CPSE-C,CPSEC-842225,A/GRINDER 115MM 900W,NOS,NMC-TOOL-0002,ANGLE GRINDER 115MM 900W,INDUSTRIAL_TOOL,42.52,42.52,1,BLOCKED,CRITICAL,PENDING,,,,,
264,CPSE-B,CPSEB-974628,"2""CS GLOBE VAL 150#",NOS,NMC-VALV-0010,2 IN CS GLOBE VALVE 150 CLASS,VALVE,93.57,3.04,0,REVIEW_REQUIRED,HIGH,PENDING,,,,,
276,CPSE-B,CPSEB-500156,"4""SS GRAPHITE GASK 150#",NOS,NMC-GASK-0007,4 IN SS GRAPHITE GASKET 150 CLASS,GASKET,94.47,3.56,0,REVIEW_REQUIRED,HIGH,PENDING,,,,,
