cpse,material_code,description,uom,canonical_id,item_id,item_name,unit,mat_no,short_text,base_uom,category,material,grade,standard,diameter_mm,length_mm,size_in,pressure_class,schedule,voltage_v,power_kw,flow_rate_m3h,head_m,cores,cross_section_mm2,bearing_number,valve_type,flange_type,gasket_type,tool_type,tool_size_mm
CPSE-C,,,,CM0068,,,,CPSEC-769987,4CX25 SQMM PVC CABLE 1.1KV,MTR,ELECTRICAL_CABLE,COPPER,,,,,,,,1100.0,,,,4.0,25.0,,,,,,
CPSE-C,,,,CM0089,,,,CPSEC-454508,C/PMP 250 M3/H 70M HEAD 55KW,NOS,PUMP,CAST IRON,,,,,,,,,55.0,250.0,70.0,,,,,,,,
CPSE-C,,,,CM0051,,,,CPSEC-329974,2 IN SW SS GRAPHITE GASKET 150 CLASS,NOS,GASKET,SS,,,,,2.0,150.0,,,,,,,,,,,SPIRAL WOUND,,
CPSE-A,CPSEA-207473,M16 X 60 CS HEX BOLT,NOS,CM0004,,,,,,,FASTENER,CARBON STEEL,CS,,16.0,60.0,,,,,,,,,,,,,,,
CPSE-C,,,,CM0078,,,,CPSEC-172574,3 PHASE IND MTR 37KW 415V 50HZ,NOS,MOTOR,CAST IRON,,,,,,,,415.0,37.0,,,,,,,,,,
CPSE-B,,,,CM0076,CPSEB-352572,3 PHASE INDUCTION MOTOR 22KW 415V 50HZ,NOS,,,,MOTOR,CAST IRON,,,,,,,,415.0,22.0,,,,,,,,,,
CPSE-B,,,,CM0066,CPSEB-898975,4CX10 SQMM PVC CABLE 1.1KV,MTR,,,,ELECTRICAL_CABLE,COPPER,,,,,,,,1100.0,,,,4.0,10.0,,,,,,
CPSE-B,,,,CM0037,CPSEB-383060,"3""SS316 SEAMLESS PIPE SCH40",MTR,,,,PIPE,SS316,,,,,3.0,,40.0,,,,,,,,,,,,
CPSE-C,,,,CM0002,,,,CPSEC-356787,M12X50 SS304 HEX BOLT,NOS,FASTENER,STAINLESS STEEL,SS304,,12.0,50.0,,,,,,,,,,,,,,,
CPSE-B,,,,CM0059,CPSEB-112038,"10""GRAPHITE SPIRAL WOUND GASK 150#",NOS,,,,GASKET,GRAPHITE,,,,,10.0,150.0,,,,,,,,,,,SPIRAL WOUND,,
CPSE-A,CPSEA-231869,3 PHASE INDUCTION MTR 55KW 415V 50HZ,NOS,CM0080,,,,,,,MOTOR,CAST IRON,,,,,,,,415.0,55.0,,,,,,,,,,
CPSE-A,CPSEA-946335,SPHERICAL ROLLER BRG 22205,NOS,CM0020,,,,,,,BEARING,STEEL,,,,,,,,,,,,,,22205.0,,,,,
CPSE-C,,,,CM0073,,,,CPSEC-120422,3 PHASE IND MTR 11KW 415V 50HZ,NOS,MOTOR,CAST IRON,,,,,,,,415.0,11.0,,,,,,,,,,
CPSE-A,CPSEA-325772,DEEP GROOVE BALL BRG 6307,NOS,CM0016,,,,,,,BEARING,STEEL,,,,,,,,,,,,,,6307.0,,,,,
CPSE-C,,,,CM0061,,,,CPSEC-379786,1CX2.5 SQMM PVC CABLE 1.1KV,MTR,ELECTRICAL_CABLE,COPPER,,,,,,,,1100.0,,,,1.0,2.5,,,,,,
CPSE-C,,,,CM0074,,,,CPSEC-972064,3 PHASE IND MTR 15KW 415V 50HZ,NOS,MOTOR,CAST IRON,,,,,,,,415.0,15.0,,,,,,,,,,
CPSE-B,,,,CM0097,CPSEB-665427,CUTTING MACHINE 355MM 2000W,NOS,,,,INDUSTRIAL_TOOL,,,,,,,,,,2.0,,,,,,,,,CUTTING MACHINE,355.0
CPSE-B,,,,CM0071,CPSEB-665579,3 PHASE INDUCTION MOTOR 5.5KW 415V 50HZ,NOS,,,,MOTOR,CAST IRON,,,,,,,,415.0,5.5,,,,,,,,,,
CPSE-B,,,,CM0050,CPSEB-549245,"6""SS316 WELD NECK FLG 150#",NOS,,,,FLANGE,SS316,,,,,6.0,150.0,,,,,,,,,,WELD NECK,,,
CPSE-A,CPSEA-542666,2 IN PTFE FULL FACE GKT 150 CLASS,NOS,CM0056,,,,,,,GASKET,PTFE,,,,,2.0,150.0,,,,,,,,,,,FULL FACE,,
CPSE-A,CPSEA-910620,6 IN SS316 BALL VLV 300 CLASS,NOS,CM0027,,,,,,,VALVE,SS316,,,,,6.0,300.0,,,,,,,,,BALL,,,,
CPSE-C,,,,CM0038,,,,CPSEC-330283,4 IN CS SEAMLESS PIPE SCH80,MTR,PIPE,CARBON STEEL,,,,,4.0,,80.0,,,,,,,,,,,,
CPSE-A,CPSEA-891952,CENT PMP 75 M3/H 40M HEAD 15KW,NOS,CM0084,,,,,,,PUMP,CAST IRON,,,,,,,,,15.0,75.0,40.0,,,,,,,,
CPSE-B,,,,CM0084,CPSEB-865388,CENTRIF PUMP 75 M3/H 40M HEAD 15KW,NOS,,,,PUMP,CAST IRON,,,,,,,,,15.0,75.0,40.0,,,,,,,,
CPSE-C,,,,CM0035,,,,CPSEC-864544,8 IN SS316 SEAMLESS PIPE SCH40,MTR,PIPE,SS316,,,,,8.0,,40.0,,,,,,,,,,,,
CPSE-A,CPSEA-456778,DEEP GROOVE BALL BRG 6306,NOS,CM0015,,,,,,,BEARING,STEEL,,,,,,,,,,,,,,6306.0,,,,,
CPSE-C,,,,CM0094,,,,CPSEC-446479,E-DRILL 10MM 650W,NOS,INDUSTRIAL_TOOL,,,,,,,,,,0.65,,,,,,,,,DRILL,10.0
CPSE-B,,,,CM0099,CPSEB-354801,TORQUE WRENCH 50-250NM,NOS,,,,INDUSTRIAL_TOOL,,,,,,,,,,,,,,,,,,,TORQUE WRENCH,
CPSE-B,,,,CM0053,CPSEB-892495,"4""SPIRAL WOUND GRAPHITE GASK 300#",NOS,,,,GASKET,GRAPHITE,,,,,4.0,300.0,,,,,,,,,,,SPIRAL WOUND,,
CPSE-B,,,,CM0080,CPSEB-234628,3 PHASE INDUCTION MOTOR 55KW 415V 50HZ,NOS,,,,MOTOR,CAST IRON,,,,,,,,415.0,55.0,,,,,,,,,,
CPSE-C,,,,CM0006,,,,CPSEC-131244,M8X40 CS HEX BOLT,NOS,FASTENER,CARBON STEEL,CS,,8.0,40.0,,,,,,,,,,,,,,,
CPSE-C,,,,CM0055,,,,CPSEC-813536,8 IN PTFE FF GASKET 150 CLASS,NOS,GASKET,PTFE,,,,,8.0,150.0,,,,,,,,,,,FULL FACE,,
CPSE-A,CPSEA-717889,DEEP GROOVE BALL BRG 6206,NOS,CM0012,,,,,,,BEARING,STEEL,,,,,,,,,,,,,,6206.0,,,,,
CPSE-A,CPSEA-688508,M20 X 100 CS HEX BOLT,NOS,CM0009,,,,,,,FASTENER,CARBON STEEL,CS,,20.0,100.0,,,,,,,,,,,,,,,
CPSE-C,,,,CM0072,,,,CPSEC-728038,3 PHASE IND MTR 7.5KW 415V 50HZ,NOS,MOTOR,CAST IRON,,,,,,,,415.0,7.5,,,,,,,,,,
CPSE-C,,,,CM0040,,,,CPSEC-158655,8 IN CS SEAMLESS PIPE SCH80,MTR,PIPE,CARBON STEEL,,,,,8.0,,80.0,,,,,,,,,,,,
CPSE-B,,,,CM0003,CPSEB-246316,M10X75 SS316 HEX BOLT,NOS,,,,FASTENER,STAINLESS STEEL,SS316,,10.0,75.0,,,,,,,,,,,,,,,
CPSE-A,CPSEA-270555,2 IN CS SEAMLESS PIP SCH40,MTR,CM0031,,,,,,,PIPE,CARBON STEEL,,,,,2.0,,40.0,,,,,,,,,,,,
CPSE-B,,,,CM0016,CPSEB-900581,DEEP GROOVE BALL BEARING 6307,NOS,,,,BEARING,STEEL,,,,,,,,,,,,,,6307.0,,,,,
CPSE-B,,,,CM0025,CPSEB-838797,"6""CS BUTTERFLY VAL 150#",NOS,,,,VALVE,CARBON STEEL,,,,,6.0,150.0,,,,,,,,,BUTTERFLY,,,,
CPSE-A,CPSEA-319684,3 IN CS SEAMLESS PIP SCH40,MTR,CM0032,,,,,,,PIPE,CARBON STEEL,,,,,3.0,,40.0,,,,,,,,,,,,
CPSE-B,,,,CM0026,CPSEB-793384,"4""SS304 GATE VAL 150#",NOS,,,,VALVE,SS304,,,,,4.0,150.0,,,,,,,,,GATE,,,,
CPSE-B,,,,CM0096,CPSEB-801474,"IMPACT WRENCH 1/2""500W",NOS,,,,INDUSTRIAL_TOOL,,,,,,,,,,0.5,,,,,,,,,IMPACT WRENCH,12.7
CPSE-A,CPSEA-581741,2 IN SS304 GATE VLV 150 CLASS,NOS,CM0021,,,,,,,VALVE,SS304,,,,,2.0,150.0,,,,,,,,,GATE,,,,
CPSE-C,,,,CM0026,,,,CPSEC-338968,4 IN SS304 GTV 150 CLASS,NOS,VALVE,SS304,,,,,4.0,150.0,,,,,,,,,GATE,,,,
CPSE-A,CPSEA-496922,2 IN SS304 GATE VLV 300 CLASS,NOS,CM0022,,,,,,,VALVE,SS304,,,,,2.0,300.0,,,,,,,,,GATE,,,,
CPSE-A,CPSEA-897549,3 PHASE INDUCTION MTR 45KW 415V 50HZ,NOS,CM0079,,,,,,,MOTOR,CAST IRON,,,,,,,,415.0,45.0,,,,,,,,,,
CPSE-B,,,,CM0077,CPSEB-189814,3 PHASE INDUCTION MOTOR 30KW 415V 50HZ,NOS,,,,MOTOR,CAST IRON,,,,,,,,415.0,30.0,,,,,,,,,,
CPSE-A,CPSEA-821590,4 IN CS SEAMLESS PIP SCH80,MTR,CM0038,,,,,,,PIPE,CARBON STEEL,,,,,4.0,,80.0,,,,,,,,,,,,
CPSE-A,CPSEA-609597,3 PHASE INDUCTION MTR 37KW 415V 50HZ,NOS,CM0078,,,,,,,MOTOR,CAST IRON,,,,,,,,415.0,37.0,,,,,,,,,,
CPSE-A,CPSEA-663054,1C X 2.5 SQMM PVC CABL 1.1KV,MTR,CM0061,,,,,,,ELECTRICAL_CABLE,COPPER,,,,,,,,1100.0,,,,1.0,2.5,,,,,,
CPSE-A,CPSEA-665158,4 IN SS304 SLIP ON FLG 300 CLASS,NOS,CM0049,,,,,,,FLANGE,SS304,,,,,4.0,300.0,,,,,,,,,,SLIP ON,,,
CPSE-C,,,,CM0080,,,,CPSEC-791798,3 PHASE IND MTR 55KW 415V 50HZ,NOS,MOTOR,CAST IRON,,,,,,,,415.0,55.0,,,,,,,,,,
CPSE-A,CPSEA-148050,4 IN SS304 GATE VLV 150 CLASS,NOS,CM0026,,,,,,,VALVE,SS304,,,,,4.0,150.0,,,,,,,,,GATE,,,,
CPSE-A,CPSEA-595948,BENCH GRINDER 200MM 550W,NOS,CM0100,,,,,,,INDUSTRIAL_TOOL,,,,,,,,,,0.55,,,,,,,,,BENCH GRINDER,200.0
CPSE-C,,,,CM0093,,,,CPSEC-340062,A/GRINDER 125MM 1100W,NOS,INDUSTRIAL_TOOL,,,,,,,,,,1.1,,,,,,,,,ANGLE GRINDER,125.0
CPSE-B,,,,CM0033,CPSEB-816751,"4""SS304 SEAMLESS PIPE SCH40",MTR,,,,PIPE,SS304,,,,,4.0,,40.0,,,,,,,,,,,,
CPSE-C,,,,CM0031,,,,CPSEC-472528,2 IN CS SEAMLESS PIPE SCH40,MTR,PIPE,CARBON STEEL,,,,,2.0,,40.0,,,,,,,,,,,,
CPSE-A,CPSEA-857168,3C X 6 SQMM PVC CABL 1.1KV,MTR,CM0065,,,,,,,ELECTRICAL_CABLE,COPPER,,,,,,,,1100.0,,,,3.0,6.0,,,,,,
CPSE-B,,,,CM0009,CPSEB-308496,M20X100 CS HEX BOLT,NOS,,,,FASTENER,CARBON STEEL,CS,,20.0,100.0,,,,,,,,,,,,,,,
CPSE-B,,,,CM0078,CPSEB-955662,3 PHASE INDUCTION MOTOR 37KW 415V 50HZ,NOS,,,,MOTOR,CAST IRON,,,,,,,,415.0,37.0,,,,,,,,,,
CPSE-C,,,,CM0020,,,,CPSEC-865179,SR BRG 22205,NOS,BEARING,STEEL,,,,,,,,,,,,,,22205.0,,,,,
CPSE-A,CPSEA-334053,M10 X 75 SS316 HEX BOLT,NOS,CM0003,,,,,,,FASTENER,STAINLESS STEEL,SS316,,10.0,75.0,,,,,,,,,,,,,,,
CPSE-C,,,,CM0062,,,,CPSEC-456699,1CX4 SQMM PVC CABLE 1.1KV,MTR,ELECTRICAL_CABLE,COPPER,,,,,,,,1100.0,,,,1.0,4.0,,,,,,
CPSE-C,,,,CM0058,,,,CPSEC-363626,6 IN PTFE FF GASKET 300 CLASS,NOS,GASKET,PTFE,,,,,6.0,300.0,,,,,,,,,,,FULL FACE,,
CPSE-A,CPSEA-539898,DEEP GROOVE BALL BRG 6205,NOS,CM0011,,,,,,,BEARING,STEEL,,,,,,,,,,,,,,6205.0,,,,,
CPSE-B,,,,CM0008,CPSEB-731262,M16X75 SS304 HEX BOLT,NOS,,,,FASTENER,STAINLESS STEEL,SS304,,16.0,75.0,,,,,,,,,,,,,,,
CPSE-B,,,,CM0086,CPSEB-804314,CENTRIF PUMP 120 M3/H 60M HEAD 30KW,NOS,,,,PUMP,CAST IRON,,,,,,,,,30.0,120.0,60.0,,,,,,,,
CPSE-C,,,,CM0019,,,,CPSEC-377370,TR BRG 30305,NOS,BEARING,STEEL,,,,,,,,,,,,,,30305.0,,,,,
CPSE-A,CPSEA-216970,3C X 2.5 SQMM PVC CABL 1.1KV,MTR,CM0063,,,,,,,ELECTRICAL_CABLE,COPPER,,,,,,,,1100.0,,,,3.0,2.5,,,,,,
CPSE-A,CPSEA-497887,3 IN SS316 SEAMLESS PIP SCH40,MTR,CM0037,,,,,,,PIPE,SS316,,,,,3.0,,40.0,,,,,,,,,,,,
CPSE-A,CPSEA-380746,3 IN CS SLIP ON FLG 150 CLASS,NOS,CM0043,,,,,,,FLANGE,CARBON STEEL,,,,,3.0,150.0,,,,,,,,,,SLIP ON,,,
CPSE-C,,,,CM0077,,,,CPSEC-867460,3 PHASE IND MTR 30KW 415V 50HZ,NOS,MOTOR,CAST IRON,,,,,,,,415.0,30.0,,,,,,,,,,
CPSE-B,,,,CM0065,CPSEB-854639,3CX6 SQMM PVC CABLE 1.1KV,MTR,,,,ELECTRICAL_CABLE,COPPER,,,,,,,,1100.0,,,,3.0,6.0,,,,,,
CPSE-A,CPSEA-694731,4 IN SS316 WELD NECK FLG 300 CLASS,NOS,CM0044,,,,,,,FLANGE,SS316,,,,,4.0,300.0,,,,,,,,,,WELD NECK,,,
CPSE-A,CPSEA-174299,ELEC DRILL 13MM 800W,NOS,CM0095,,,,,,,INDUSTRIAL_TOOL,,,,,,,,,,0.8,,,,,,,,,DRILL,13.0
CPSE-B,,,,CM0028,CPSEB-344098,"8""CS GATE VAL 300#",NOS,,,,VALVE,CARBON STEEL,,,,,8.0,300.0,,,,,,,,,GATE,,,,
CPSE-A,CPSEA-498591,10 IN CS BUTTERFLY VLV 150 CLASS,NOS,CM0029,,,,,,,VALVE,CARBON STEEL,,,,,10.0,150.0,,,,,,,,,BUTTERFLY,,,,
CPSE-A,CPSEA-407419,3 IN CS GATE VLV 150 CLASS,NOS,CM0023,,,,,,,VALVE,CARBON STEEL,,,,,3.0,150.0,,,,,,,,,GATE,,,,
CPSE-A,CPSEA-324643,CUTTING MACHINE 355MM 2000W,NOS,CM0097,,,,,,,INDUSTRIAL_TOOL,,,,,,,,,,2.0,,,,,,,,,CUTTING MACHINE,355.0
CPSE-B,,,,CM0055,CPSEB-930555,"8""PTFE FULL FACE GASK 150#",NOS,,,,GASKET,PTFE,,,,,8.0,150.0,,,,,,,,,,,FULL FACE,,
CPSE-B,,,,CM0052,CPSEB-634277,"3""SPIRAL WOUND SS GRAPHITE GASK 150#",NOS,,,,GASKET,SS,,,,,3.0,150.0,,,,,,,,,,,SPIRAL WOUND,,
CPSE-B,,,,CM0007,CPSEB-329258,M12X80 SS316 HEX BOLT,NOS,,,,FASTENER,STAINLESS STEEL,SS316,,12.0,80.0,,,,,,,,,,,,,,,
CPSE-B,,,,CM0042,CPSEB-430776,"2""SS304 WELD NECK FLG 150#",NOS,,,,FLANGE,SS304,,,,,2.0,150.0,,,,,,,,,,WELD NECK,,,
CPSE-B,,,,CM0027,CPSEB-403445,"6""SS316 BALL VAL 300#",NOS,,,,VALVE,SS316,,,,,6.0,300.0,,,,,,,,,BALL,,,,
CPSE-A,CPSEA-817870,6 IN SS304 SEAMLESS PIP SCH40,MTR,CM0039,,,,,,,PIPE,SS304,,,,,6.0,,40.0,,,,,,,,,,,,
CPSE-B,,,,CM0040,CPSEB-913694,"8""CS SEAMLESS PIPE SCH80",MTR,,,,PIPE,CARBON STEEL,,,,,8.0,,80.0,,,,,,,,,,,,
CPSE-A,CPSEA-301629,6 IN CS BUTTERFLY VLV 150 CLASS,NOS,CM0025,,,,,,,VALVE,CARBON STEEL,,,,,6.0,150.0,,,,,,,,,BUTTERFLY,,,,
CPSE-A,CPSEA-542417,M8 X 40 CS HEX BOLT,NOS,CM0006,,,,,,,FASTENER,CARBON STEEL,CS,,8.0,40.0,,,,,,,,,,,,,,,
CPSE-B,,,,CM0004,CPSEB-809570,M16X60 CS HEX BOLT,NOS,,,,FASTENER,CARBON STEEL,CS,,16.0,60.0,,,,,,,,,,,,,,,
CPSE-C,,,,CM0065,,,,CPSEC-376183,3CX6 SQMM PVC CABLE 1.1KV,MTR,ELECTRICAL_CABLE,COPPER,,,,,,,,1100.0,,,,3.0,6.0,,,,,,
CPSE-C,,,,CM0034,,,,CPSEC-765822,6 IN CS SEAMLESS PIPE SCH80,MTR,PIPE,CARBON STEEL,,,,,6.0,,80.0,,,,,,,,,,,,
CPSE-C,,,,CM0023,,,,CPSEC-759176,3 IN CS GTV 150 CLASS,NOS,VALVE,CARBON STEEL,,,,,3.0,150.0,,,,,,,,,GATE,,,,
CPSE-C,,,,CM0075,,,,CPSEC-351083,3 PHASE IND MTR 18.5KW 415V 50HZ,NOS,MOTOR,CAST IRON,,,,,,,,415.0,18.5,,,,,,,,,,
CPSE-B,,,,CM0013,CPSEB-895667,DEEP GROOVE BALL BEARING 6207,NOS,,,,BEARING,STEEL,,,,,,,,,,,,,,6207.0,,,,,
CPSE-B,,,,CM0006,CPSEB-133326,M8X40 CS HEX BOLT,NOS,,,,FASTENER,CARBON STEEL,CS,,8.0,40.0,,,,,,,,,,,,,,,
CPSE-C,,,,CM0060,,,,CPSEC-814825,12 IN GRAPHITE SW GASKET 300 CLASS,NOS,GASKET,GRAPHITE,,,,,12.0,300.0,,,,,,,,,,,SPIRAL WOUND,,
CPSE-A,CPSEA-712982,6 IN SS316 WELD NECK FLG 150 CLASS,NOS,CM0050,,,,,,,FLANGE,SS316,,,,,6.0,150.0,,,,,,,,,,WELD NECK,,,
CPSE-B,,,,CM0092,CPSEB-174441,ANGLE GRINDER 115MM 900W,NOS,,,,INDUSTRIAL_TOOL,,,,,,,,,,0.9,,,,,,,,,ANGLE GRINDER,115.0
CPSE-B,,,,CM0023,CPSEB-969693,"3""CS GATE VAL 150#",NOS,,,,VALVE,CARBON STEEL,,,,,3.0,150.0,,,,,,,,,GATE,,,,
CPSE-A,CPSEA-182582,3 PHASE INDUCTION MTR 30KW 415V 50HZ,NOS,CM0077,,,,,,,MOTOR,CAST IRON,,,,,,,,415.0,30.0,,,,,,,,,,
CPSE-A,CPSEA-748564,4 IN SS316 BALL VLV 150 CLASS,NOS,CM0024,,,,,,,VALVE,SS316,,,,,4.0,150.0,,,,,,,,,BALL,,,,
CPSE-B,,,,CM0011,CPSEB-331148,DEEP GROOVE BALL BEARING 6205,NOS,,,,BEARING,STEEL,,,,,,,,,,,,,,6205.0,,,,,
CPSE-A,CPSEA-905934,1C X 4 SQMM PVC CABL 1.1KV,MTR,CM0062,,,,,,,ELECTRICAL_CABLE,COPPER,,,,,,,,1100.0,,,,1.0,4.0,,,,,,
CPSE-B,,,,CM0089,CPSEB-167136,CENTRIF PUMP 250 M3/H 70M HEAD 55KW,NOS,,,,PUMP,CAST IRON,,,,,,,,,55.0,250.0,70.0,,,,,,,,
CPSE-A,CPSEA-160738,3 PHASE INDUCTION MTR 22KW 415V 50HZ,NOS,CM0076,,,,,,,MOTOR,CAST IRON,,,,,,,,415.0,22.0,,,,,,,,,,
CPSE-C,,,,CM0047,,,,CPSEC-246413,10 IN SS304 SO FLG 150 CLASS,NOS,FLANGE,SS304,,,,,10.0,150.0,,,,,,,,,,SLIP ON,,,
CPSE-A,CPSEA-198246,M12 X 80 SS316 HEX BOLT,NOS,CM0007,,,,,,,FASTENER,STAINLESS STEEL,SS316,,12.0,80.0,,,,,,,,,,,,,,,
CPSE-B,,,,CM0061,CPSEB-887352,1CX2.5 SQMM PVC CABLE 1.1KV,MTR,,,,ELECTRICAL_CABLE,COPPER,,,,,,,,1100.0,,,,1.0,2.5,,,,,,
CPSE-A,CPSEA-835911,4 IN SS304 SEAMLESS PIP SCH40,MTR,CM0033,,,,,,,PIPE,SS304,,,,,4.0,,40.0,,,,,,,,,,,,
CPSE-A,CPSEA-322955,6 IN CS SLIP ON FLG 150 CLASS,NOS,CM0045,,,,,,,FLANGE,CARBON STEEL,,,,,6.0,150.0,,,,,,,,,,SLIP ON,,,
CPSE-B,,,,CM0088,CPSEB-226882,CENTRIF PUMP 200 M3/H 60M HEAD 45KW,NOS,,,,PUMP,CAST IRON,,,,,,,,,45.0,200.0,60.0,,,,,,,,
CPSE-C,,,,CM0029,,,,CPSEC-575435,10 IN CS BFV 150 CLASS,NOS,VALVE,CARBON STEEL,,,,,10.0,150.0,,,,,,,,,BUTTERFLY,,,,
CPSE-C,,,,CM0083,,,,CPSEC-665492,C/PMP 50 M3/H 50M HEAD 11KW,NOS,PUMP,CAST IRON,,,,,,,,,11.0,50.0,50.0,,,,,,,,
CPSE-C,,,,CM0082,,,,CPSEC-736059,C/PMP 30 M3/H 40M HEAD 7.5KW,NOS,PUMP,CAST IRON,,,,,,,,,7.5,30.0,40.0,,,,,,,,
CPSE-C,,,,CM0039,,,,CPSEC-983794,6 IN SS304 SEAMLESS PIPE SCH40,MTR,PIPE,SS304,,,,,6.0,,40.0,,,,,,,,,,,,
CPSE-C,,,,CM0049,,,,CPSEC-883300,4 IN SS304 SO FLG 300 CLASS,NOS,FLANGE,SS304,,,,,4.0,300.0,,,,,,,,,,SLIP ON,,,
CPSE-B,,,,CM0098,CPSEB-698782,WELDING MACHINE 200A,NOS,,,,INDUSTRIAL_TOOL,,,,,,,,,,,,,,,,,,,WELDING MACHINE,
CPSE-C,,,,CM0066,,,,CPSEC-287330,4CX10 SQMM PVC CABLE 1.1KV,MTR,ELECTRICAL_CABLE,COPPER,,,,,,,,1100.0,,,,4.0,10.0,,,,,,
CPSE-C,,,,CM0069,,,,CPSEC-308573,3CX35 SQMM PVC CABLE 1.1KV,MTR,ELECTRICAL_CABLE,COPPER,,,,,,,,1100.0,,,,3.0,35.0,,,,,,
CPSE-B,,,,CM0019,CPSEB-733052,TAPERED ROLLER BEARING 30305,NOS,,,,BEARING,STEEL,,,,,,,,,,,,,,30305.0,,,,,
CPSE-B,,,,CM0058,CPSEB-654816,"6""PTFE FULL FACE GASK 300#",NOS,,,,GASKET,PTFE,,,,,6.0,300.0,,,,,,,,,,,FULL FACE,,
CPSE-B,,,,CM0062,CPSEB-772097,1CX4 SQMM PVC CABLE 1.1KV,MTR,,,,ELECTRICAL_CABLE,COPPER,,,,,,,,1100.0,,,,1.0,4.0,,,,,,
CPSE-C,,,,CM0056,,,,CPSEC-166613,2 IN PTFE FF GASKET 150 CLASS,NOS,GASKET,PTFE,,,,,2.0,150.0,,,,,,,,,,,FULL FACE,,
CPSE-B,,,,CM0047,CPSEB-377746,"10""SS304 SLIP ON FLG 150#",NOS,,,,FLANGE,SS304,,,,,10.0,150.0,,,,,,,,,,SLIP ON,,,
CPSE-B,,,,CM0085,CPSEB-847581,CENTRIF PUMP 100 M3/H 50M HEAD 22KW,NOS,,,,PUMP,CAST IRON,,,,,,,,,22.0,100.0,50.0,,,,,,,,
CPSE-C,,,,CM0013,,,,CPSEC-944962,DGB BRG 6207,NOS,BEARING,STEEL,,,,,,,,,,,,,,6207.0,,,,,
CPSE-C,,,,CM0042,,,,CPSEC-520651,2 IN SS304 WN FLG 150 CLASS,NOS,FLANGE,SS304,,,,,2.0,150.0,,,,,,,,,,WELD NECK,,,
CPSE-A,CPSEA-624902,4C X 10 SQMM PVC CABL 1.1KV,MTR,CM0066,,,,,,,ELECTRICAL_CABLE,COPPER,,,,,,,,1100.0,,,,4.0,10.0,,,,,,
CPSE-B,,,,CM0095,CPSEB-639131,ELEC DRILL 13MM 800W,NOS,,,,INDUSTRIAL_TOOL,,,,,,,,,,0.8,,,,,,,,,DRILL,13.0
CPSE-C,,,,CM0046,,,,CPSEC-581141,8 IN CS WN FLG 300 CLASS,NOS,FLANGE,CARBON STEEL,,,,,8.0,300.0,,,,,,,,,,WELD NECK,,,
CPSE-B,,,,CM0038,CPSEB-684004,"4""CS SEAMLESS PIPE SCH80",MTR,,,,PIPE,CARBON STEEL,,,,,4.0,,80.0,,,,,,,,,,,,
CPSE-A,CPSEA-503457,4 IN SS GRAPHITE GKT 150 CLASS,NOS,CM0057,,,,,,,GASKET,SS,,,,,4.0,150.0,,,,,,,,,,,SPIRAL WOUND,,
CPSE-A,CPSEA-905635,8 IN CS SEAMLESS PIP SCH80,MTR,CM0040,,,,,,,PIPE,CARBON STEEL,,,,,8.0,,80.0,,,,,,,,,,,,
CPSE-B,,,,CM0093,CPSEB-161733,ANGLE GRINDER 125MM 1100W,NOS,,,,INDUSTRIAL_TOOL,,,,,,,,,,1.1,,,,,,,,,ANGLE GRINDER,125.0
CPSE-B,,,,CM0091,CPSEB-717024,ANGLE GRINDER 100MM 750W,NOS,,,,INDUSTRIAL_TOOL,,,,,,,,,,0.75,,,,,,,,,ANGLE GRINDER,100.0
CPSE-C,,,,CM0052,,,,CPSEC-617488,3 IN SW SS GRAPHITE GASKET 150 CLASS,NOS,GASKET,SS,,,,,3.0,150.0,,,,,,,,,,,SPIRAL WOUND,,
CPSE-C,,,,CM0059,,,,CPSEC-813328,10 IN GRAPHITE SW GASKET 150 CLASS,NOS,GASKET,GRAPHITE,,,,,10.0,150.0,,,,,,,,,,,SPIRAL WOUND,,
CPSE-B,,,,CM0060,CPSEB-220116,"12""GRAPHITE SPIRAL WOUND GASK 300#",NOS,,,,GASKET,GRAPHITE,,,,,12.0,300.0,,,,,,,,,,,SPIRAL WOUND,,
CPSE-C,,,,CM0001,,,,CPSEC-126225,M10X50 SS304 HEX BOLT,NOS,FASTENER,STAINLESS STEEL,SS304,,10.0,50.0,,,,,,,,,,,,,,,
CPSE-B,,,,CM0039,CPSEB-440035,"6""SS304 SEAMLESS PIPE SCH40",MTR,,,,PIPE,SS304,,,,,6.0,,40.0,,,,,,,,,,,,
CPSE-C,,,,CM0048,,,,CPSEC-688637,12 IN CS WN FLG 150 CLASS,NOS,FLANGE,CARBON STEEL,,,,,12.0,150.0,,,,,,,,,,WELD NECK,,,
CPSE-A,CPSEA-855731,12 IN GRAPHITE SPIRAL WOUND GKT 300 CLASS,NOS,CM0060,,,,,,,GASKET,GRAPHITE,,,,,12.0,300.0,,,,,,,,,,,SPIRAL WOUND,,
CPSE-A,CPSEA-340174,2 IN CS WELD NECK FLG 150 CLASS,NOS,CM0041,,,,,,,FLANGE,CARBON STEEL,,,,,2.0,150.0,,,,,,,,,,WELD NECK,,,
CPSE-A,CPSEA-269396,3 PHASE INDUCTION MTR 5.5KW 415V 50HZ,NOS,CM0071,,,,,,,MOTOR,CAST IRON,,,,,,,,415.0,5.5,,,,,,,,,,
CPSE-C,,,,CM0087,,,,CPSEC-642717,C/PMP 150 M3/H 50M HEAD 37KW,NOS,PUMP,CAST IRON,,,,,,,,,37.0,150.0,50.0,,,,,,,,
CPSE-B,,,,CM0043,CPSEB-169403,"3""CS SLIP ON FLG 150#",NOS,,,,FLANGE,CARBON STEEL,,,,,3.0,150.0,,,,,,,,,,SLIP ON,,,
CPSE-C,,,,CM0025,,,,CPSEC-172933,6 IN CS BFV 150 CLASS,NOS,VALVE,CARBON STEEL,,,,,6.0,150.0,,,,,,,,,BUTTERFLY,,,,
CPSE-C,,,,CM0010,,,,CPSEC-671412,M10X30 SS304 HEX BOLT,NOS,FASTENER,STAINLESS STEEL,SS304,,10.0,30.0,,,,,,,,,,,,,,,
CPSE-C,,,,CM0028,,,,CPSEC-205907,8 IN CS GTV 300 CLASS,NOS,VALVE,CARBON STEEL,,,,,8.0,300.0,,,,,,,,,GATE,,,,
CPSE-C,,,,CM0090,,,,CPSEC-680828,C/PMP 300 M3/H 80M HEAD 75KW,NOS,PUMP,CAST IRON,,,,,,,,,75.0,300.0,80.0,,,,,,,,
CPSE-C,,,,CM0036,,,,CPSEC-584714,2 IN SS304 SEAMLESS PIPE SCH10,MTR,PIPE,SS304,,,,,2.0,,10.0,,,,,,,,,,,,
CPSE-B,,,,CM0075,CPSEB-422451,3 PHASE INDUCTION MOTOR 18.5KW 415V 50HZ,NOS,,,,MOTOR,CAST IRON,,,,,,,,415.0,18.5,,,,,,,,,,
CPSE-C,,,,CM0053,,,,CPSEC-149405,4 IN SW GRAPHITE GASKET 300 CLASS,NOS,GASKET,GRAPHITE,,,,,4.0,300.0,,,,,,,,,,,SPIRAL WOUND,,
CPSE-B,,,,CM0094,CPSEB-132938,ELEC DRILL 10MM 650W,NOS,,,,INDUSTRIAL_TOOL,,,,,,,,,,0.65,,,,,,,,,DRILL,10.0
CPSE-A,CPSEA-543692,CENT PMP 50 M3/H 50M HEAD 11KW,NOS,CM0083,,,,,,,PUMP,CAST IRON,,,,,,,,,11.0,50.0,50.0,,,,,,,,
CPSE-A,CPSEA-945964,3 PHASE INDUCTION MTR 18.5KW 415V 50HZ,NOS,CM0075,,,,,,,MOTOR,CAST IRON,,,,,,,,415.0,18.5,,,,,,,,,,
CPSE-C,,,,CM0022,,,,CPSEC-678856,2 IN SS304 GTV 300 CLASS,NOS,VALVE,SS304,,,,,2.0,300.0,,,,,,,,,GATE,,,,
CPSE-A,CPSEA-632342,4C X 16 SQMM PVC CABL 1.1KV,MTR,CM0067,,,,,,,ELECTRICAL_CABLE,COPPER,,,,,,,,1100.0,,,,4.0,16.0,,,,,,
CPSE-B,,,,CM0029,CPSEB-391476,"10""CS BUTTERFLY VAL 150#",NOS,,,,VALVE,CARBON STEEL,,,,,10.0,150.0,,,,,,,,,BUTTERFLY,,,,
CPSE-A,CPSEA-656116,3 PHASE INDUCTION MTR 7.5KW 415V 50HZ,NOS,CM0072,,,,,,,MOTOR,CAST IRON,,,,,,,,415.0,7.5,,,,,,,,,,
CPSE-A,CPSEA-214975,6 IN SPIRAL WOUND GRAPHITE GKT 150 CLASS,NOS,CM0054,,,,,,,GASKET,GRAPHITE,,,,,6.0,150.0,,,,,,,,,,,SPIRAL WOUND,,
CPSE-A,CPSEA-671858,M20 X 80 GI HEX BOLT,NOS,CM0005,,,,,,,FASTENER,GALVANIZED STEEL,GI,,20.0,80.0,,,,,,,,,,,,,,,
CPSE-C,,,,CM0012,,,,CPSEC-948749,DGB BRG 6206,NOS,BEARING,STEEL,,,,,,,,,,,,,,6206.0,,,,,
CPSE-B,,,,CM0010,CPSEB-835392,M10X30 SS304 HEX BOLT,NOS,,,,FASTENER,STAINLESS STEEL,SS304,,10.0,30.0,,,,,,,,,,,,,,,
CPSE-B,,,,CM0048,CPSEB-881177,"12""CS WELD NECK FLG 150#",NOS,,,,FLANGE,CARBON STEEL,,,,,12.0,150.0,,,,,,,,,,WELD NECK,,,
CPSE-C,,,,CM0095,,,,CPSEC-349565,E-DRILL 13MM 800W,NOS,INDUSTRIAL_TOOL,,,,,,,,,,0.8,,,,,,,,,DRILL,13.0
CPSE-C,,,,CM0085,,,,CPSEC-426858,C/PMP 100 M3/H 50M HEAD 22KW,NOS,PUMP,CAST IRON,,,,,,,,,22.0,100.0,50.0,,,,,,,,
CPSE-C,,,,CM0057,,,,CPSEC-724834,4 IN SS GRAPHITE GASKET 150 CLASS,NOS,GASKET,SS,,,,,4.0,150.0,,,,,,,,,,,SPIRAL WOUND,,
CPSE-A,CPSEA-201414,TAPERED ROLLER BRG 30206,NOS,CM0018,,,,,,,BEARING,STEEL,,,,,,,,,,,,,,30206.0,,,,,
CPSE-C,,,,CM0032,,,,CPSEC-379946,3 IN CS SEAMLESS PIPE SCH40,MTR,PIPE,CARBON STEEL,,,,,3.0,,40.0,,,,,,,,,,,,
CPSE-B,,,,CM0070,CPSEB-492077,4CX50 SQMM PVC CABLE 1.1KV,MTR,,,,ELECTRICAL_CABLE,COPPER,,,,,,,,1100.0,,,,4.0,50.0,,,,,,
CPSE-B,,,,CM0083,CPSEB-322086,CENTRIF PUMP 50 M3/H 50M HEAD 11KW,NOS,,,,PUMP,CAST IRON,,,,,,,,,11.0,50.0,50.0,,,,,,,,
CPSE-C,,,,CM0014,,,,CPSEC-543143,DGB BRG 6305,NOS,BEARING,STEEL,,,,,,,,,,,,,,6305.0,,,,,
CPSE-C,,,,CM0030,,,,CPSEC-482554,2 IN CS GLV 150 CLASS,NOS,VALVE,CARBON STEEL,,,,,2.0,150.0,,,,,,,,,GLOBE,,,,
CPSE-B,,,,CM0082,CPSEB-653306,CENTRIF PUMP 30 M3/H 40M HEAD 7.5KW,NOS,,,,PUMP,CAST IRON,,,,,,,,,7.5,30.0,40.0,,,,,,,,
CPSE-B,,,,CM0046,CPSEB-774079,"8""CS WELD NECK FLG 300#",NOS,,,,FLANGE,CARBON STEEL,,,,,8.0,300.0,,,,,,,,,,WELD NECK,,,
CPSE-C,,,,CM0009,,,,CPSEC-850800,M20X100 CS HEX BOLT,NOS,FASTENER,CARBON STEEL,CS,,20.0,100.0,,,,,,,,,,,,,,,
CPSE-C,,,,CM0098,,,,CPSEC-704201,WELDING MACHINE 200A,NOS,INDUSTRIAL_TOOL,,,,,,,,,,,,,,,,,,,WELDING MACHINE,
CPSE-A,CPSEA-358607,12 IN CS WELD NECK FLG 150 CLASS,NOS,CM0048,,,,,,,FLANGE,CARBON STEEL,,,,,12.0,150.0,,,,,,,,,,WELD NECK,,,
CPSE-C,,,,CM0067,,,,CPSEC-755674,4CX16 SQMM PVC CABLE 1.1KV,MTR,ELECTRICAL_CABLE,COPPER,,,,,,,,1100.0,,,,4.0,16.0,,,,,,
CPSE-A,CPSEA-770487,M10 X 50 SS304 HEX BOLT,NOS,CM0001,,,,,,,FASTENER,STAINLESS STEEL,SS304,,10.0,50.0,,,,,,,,,,,,,,,
CPSE-B,,,,CM0090,CPSEB-716886,CENTRIF PUMP 300 M3/H 80M HEAD 75KW,NOS,,,,PUMP,CAST IRON,,,,,,,,,75.0,300.0,80.0,,,,,,,,
CPSE-C,,,,CM0091,,,,CPSEC-330914,A/GRINDER 100MM 750W,NOS,INDUSTRIAL_TOOL,,,,,,,,,,0.75,,,,,,,,,ANGLE GRINDER,100.0
CPSE-B,,,,CM0034,CPSEB-738720,"6""CS SEAMLESS PIPE SCH80",MTR,,,,PIPE,CARBON STEEL,,,,,6.0,,80.0,,,,,,,,,,,,
CPSE-B,,,,CM0087,CPSEB-559381,CENTRIF PUMP 150 M3/H 50M HEAD 37KW,NOS,,,,PUMP,CAST IRON,,,,,,,,,37.0,150.0,50.0,,,,,,,,
CPSE-A,CPSEA-518373,CENT PMP 120 M3/H 60M HEAD 30KW,NOS,CM0086,,,,,,,PUMP,CAST IRON,,,,,,,,,30.0,120.0,60.0,,,,,,,,
CPSE-A,CPSEA-590785,6 IN PTFE FULL FACE GKT 300 CLASS,NOS,CM0058,,,,,,,GASKET,PTFE,,,,,6.0,300.0,,,,,,,,,,,FULL FACE,,
CPSE-C,,,,CM0033,,,,CPSEC-779514,4 IN SS304 SEAMLESS PIPE SCH40,MTR,PIPE,SS304,,,,,4.0,,40.0,,,,,,,,,,,,
CPSE-A,CPSEA-106814,DEEP GROOVE BALL BRG 6207,NOS,CM0013,,,,,,,BEARING,STEEL,,,,,,,,,,,,,,6207.0,,,,,
CPSE-B,,,,CM0021,CPSEB-662275,"2""SS304 GATE VAL 150#",NOS,,,,VALVE,SS304,,,,,2.0,150.0,,,,,,,,,GATE,,,,
CPSE-A,CPSEA-518801,2 IN SPIRAL WOUND SS GRAPHITE GKT 150 CLASS,NOS,CM0051,,,,,,,GASKET,SS,,,,,2.0,150.0,,,,,,,,,,,SPIRAL WOUND,,
CPSE-C,,,,CM0079,,,,CPSEC-903035,3 PHASE IND MTR 45KW 415V 50HZ,NOS,MOTOR,CAST IRON,,,,,,,,415.0,45.0,,,,,,,,,,
CPSE-B,,,,CM0068,CPSEB-982554,4CX25 SQMM PVC CABLE 1.1KV,MTR,,,,ELECTRICAL_CABLE,COPPER,,,,,,,,1100.0,,,,4.0,25.0,,,,,,
CPSE-C,,,,CM0081,,,,CPSEC-273148,C/PMP 20 M3/H 30M HEAD 5.5KW,NOS,PUMP,CAST IRON,,,,,,,,,5.5,20.0,30.0,,,,,,,,
CPSE-C,,,,CM0004,,,,CPSEC-876646,M16X60 CS HEX BOLT,NOS,FASTENER,CARBON STEEL,CS,,16.0,60.0,,,,,,,,,,,,,,,
CPSE-C,,,,CM0099,,,,CPSEC-922733,TORQUE WRENCH 50-250NM,NOS,INDUSTRIAL_TOOL,,,,,,,,,,,,,,,,,,,TORQUE WRENCH,
CPSE-A,CPSEA-122056,CENT PMP 300 M3/H 80M HEAD 75KW,NOS,CM0090,,,,,,,PUMP,CAST IRON,,,,,,,,,75.0,300.0,80.0,,,,,,,,
CPSE-A,CPSEA-781453,M10 X 30 SS304 HEX BOLT,NOS,CM0010,,,,,,,FASTENER,STAINLESS STEEL,SS304,,10.0,30.0,,,,,,,,,,,,,,,
CPSE-A,CPSEA-217301,3 PHASE INDUCTION MTR 15KW 415V 50HZ,NOS,CM0074,,,,,,,MOTOR,CAST IRON,,,,,,,,415.0,15.0,,,,,,,,,,
CPSE-B,,,,CM0002,CPSEB-388389,M12X50 SS304 HEX BOLT,NOS,,,,FASTENER,STAINLESS STEEL,SS304,,12.0,50.0,,,,,,,,,,,,,,,
CPSE-C,,,,CM0041,,,,CPSEC-133659,2 IN CS WN FLG 150 CLASS,NOS,FLANGE,CARBON STEEL,,,,,2.0,150.0,,,,,,,,,,WELD NECK,,,
CPSE-C,,,,CM0011,,,,CPSEC-571029,DGB BRG 6205,NOS,BEARING,STEEL,,,,,,,,,,,,,,6205.0,,,,,
CPSE-A,CPSEA-632323,3C X 35 SQMM PVC CABL 1.1KV,MTR,CM0069,,,,,,,ELECTRICAL_CABLE,COPPER,,,,,,,,1100.0,,,,3.0,35.0,,,,,,
CPSE-A,CPSEA-267753,8 IN PTFE FULL FACE GKT 150 CLASS,NOS,CM0055,,,,,,,GASKET,PTFE,,,,,8.0,150.0,,,,,,,,,,,FULL FACE,,
CPSE-C,,,,CM0070,,,,CPSEC-899550,4CX50 SQMM PVC CABLE 1.1KV,MTR,ELECTRICAL_CABLE,COPPER,,,,,,,,1100.0,,,,4.0,50.0,,,,,,
CPSE-A,CPSEA-392004,IMPACT WRENCH 1/2 IN 500W,NOS,CM0096,,,,,,,INDUSTRIAL_TOOL,,,,,,,,,,0.5,,,,,,,,,IMPACT WRENCH,12.7
CPSE-A,CPSEA-249811,10 IN SS304 SLIP ON FLG 150 CLASS,NOS,CM0047,,,,,,,FLANGE,SS304,,,,,10.0,150.0,,,,,,,,,,SLIP ON,,,
CPSE-C,,,,CM0021,,,,CPSEC-230889,2 IN SS304 GTV 150 CLASS,NOS,VALVE,SS304,,,,,2.0,150.0,,,,,,,,,GATE,,,,
CPSE-A,CPSEA-514850,8 IN CS WELD NECK FLG 300 CLASS,NOS,CM0046,,,,,,,FLANGE,CARBON STEEL,,,,,8.0,300.0,,,,,,,,,,WELD NECK,,,
CPSE-C,,,,CM0043,,,,CPSEC-321231,3 IN CS SO FLG 150 CLASS,NOS,FLANGE,CARBON STEEL,,,,,3.0,150.0,,,,,,,,,,SLIP ON,,,
CPSE-C,,,,CM0097,,,,CPSEC-238739,CUTTING MACHINE 355MM 2000W,NOS,INDUSTRIAL_TOOL,,,,,,,,,,2.0,,,,,,,,,CUTTING MACHINE,355.0
CPSE-C,,,,CM0003,,,,CPSEC-872246,M10X75 SS316 HEX BOLT,NOS,FASTENER,STAINLESS STEEL,SS316,,10.0,75.0,,,,,,,,,,,,,,,
CPSE-B,,,,CM0024,CPSEB-479201,"4""SS316 BALL VAL 150#",NOS,,,,VALVE,SS316,,,,,4.0,150.0,,,,,,,,,BALL,,,,
CPSE-A,CPSEA-335612,CENT PMP 250 M3/H 70M HEAD 55KW,NOS,CM0089,,,,,,,PUMP,CAST IRON,,,,,,,,,55.0,250.0,70.0,,,,,,,,
CPSE-B,,,,CM0022,CPSEB-182627,"2""SS304 GATE VAL 300#",NOS,,,,VALVE,SS304,,,,,2.0,300.0,,,,,,,,,GATE,,,,
CPSE-C,,,,CM0015,,,,CPSEC-263032,DGB BRG 6306,NOS,BEARING,STEEL,,,,,,,,,,,,,,6306.0,,,,,
CPSE-A,CPSEA-170674,ELEC DRILL 10MM 650W,NOS,CM0094,,,,,,,INDUSTRIAL_TOOL,,,,,,,,,,0.65,,,,,,,,,DRILL,10.0
CPSE-A,CPSEA-195325,4 IN SPIRAL WOUND GRAPHITE GKT 300 CLASS,NOS,CM0053,,,,,,,GASKET,GRAPHITE,,,,,4.0,300.0,,,,,,,,,,,SPIRAL WOUND,,
CPSE-B,,,,CM0014,CPSEB-832052,DEEP GROOVE BALL BEARING 6305,NOS,,,,BEARING,STEEL,,,,,,,,,,,,,,6305.0,,,,,
CPSE-A,CPSEA-944151,2 IN SS304 WELD NECK FLG 150 CLASS,NOS,CM0042,,,,,,,FLANGE,SS304,,,,,2.0,150.0,,,,,,,,,,WELD NECK,,,
CPSE-C,,,,CM0092,,,,CPSEC-842225,A/GRINDER 115MM 900W,NOS,INDUSTRIAL_TOOL,,,,,,,,,,0.9,,,,,,,,,ANGLE GRINDER,115.0
CPSE-A,CPSEA-439902,3 PHASE INDUCTION MTR 11KW 415V 50HZ,NOS,CM0073,,,,,,,MOTOR,CAST IRON,,,,,,,,415.0,11.0,,,,,,,,,,
CPSE-A,CPSEA-245051,3 IN SPIRAL WOUND SS GRAPHITE GKT 150 CLASS,NOS,CM0052,,,,,,,GASKET,SS,,,,,3.0,150.0,,,,,,,,,,,SPIRAL WOUND,,
CPSE-C,,,,CM0008,,,,CPSEC-127824,M16X75 SS304 HEX BOLT,NOS,FASTENER,STAINLESS STEEL,SS304,,16.0,75.0,,,,,,,,,,,,,,,
CPSE-A,CPSEA-573417,CENT PMP 200 M3/H 60M HEAD 45KW,NOS,CM0088,,,,,,,PUMP,CAST IRON,,,,,,,,,45.0,200.0,60.0,,,,,,,,
CPSE-C,,,,CM0037,,,,CPSEC-771088,3 IN SS316 SEAMLESS PIPE SCH40,MTR,PIPE,SS316,,,,,3.0,,40.0,,,,,,,,,,,,
CPSE-A,CPSEA-996865,8 IN CS GATE VLV 300 CLASS,NOS,CM0028,,,,,,,VALVE,CARBON STEEL,,,,,8.0,300.0,,,,,,,,,GATE,,,,
CPSE-A,CPSEA-260263,4C X 50 SQMM PVC CABL 1.1KV,MTR,CM0070,,,,,,,ELECTRICAL_CABLE,COPPER,,,,,,,,1100.0,,,,4.0,50.0,,,,,,
CPSE-C,,,,CM0071,,,,CPSEC-916449,3 PHASE IND MTR 5.5KW 415V 50HZ,NOS,MOTOR,CAST IRON,,,,,,,,415.0,5.5,,,,,,,,,,
CPSE-A,CPSEA-267414,DEEP GROOVE BALL BRG 6305,NOS,CM0014,,,,,,,BEARING,STEEL,,,,,,,,,,,,,,6305.0,,,,,
CPSE-A,CPSEA-598369,CENT PMP 20 M3/H 30M HEAD 5.5KW,NOS,CM0081,,,,,,,PUMP,CAST IRON,,,,,,,,,5.5,20.0,30.0,,,,,,,,
CPSE-A,CPSEA-858490,WELDING MACHINE 200A,NOS,CM0098,,,,,,,INDUSTRIAL_TOOL,,,,,,,,,,,,,,,,,,,WELDING MACHINE,
CPSE-A,CPSEA-491559,CENT PMP 150 M3/H 50M HEAD 37KW,NOS,CM0087,,,,,,,PUMP,CAST IRON,,,,,,,,,37.0,150.0,50.0,,,,,,,,
CPSE-B,,,,CM0067,CPSEB-211579,4CX16 SQMM PVC CABLE 1.1KV,MTR,,,,ELECTRICAL_CABLE,COPPER,,,,,,,,1100.0,,,,4.0,16.0,,,,,,
CPSE-C,,,,CM0005,,,,CPSEC-719176,M20X80 GI HEX BOLT,NOS,FASTENER,GALVANIZED STEEL,GI,,20.0,80.0,,,,,,,,,,,,,,,
CPSE-C,,,,CM0016,,,,CPSEC-452944,DGB BRG 6307,NOS,BEARING,STEEL,,,,,,,,,,,,,,6307.0,,,,,
CPSE-B,,,,CM0032,CPSEB-802729,"3""CS SEAMLESS PIPE SCH40",MTR,,,,PIPE,CARBON STEEL,,,,,3.0,,40.0,,,,,,,,,,,,
CPSE-C,,,,CM0088,,,,CPSEC-359947,C/PMP 200 M3/H 60M HEAD 45KW,NOS,PUMP,CAST IRON,,,,,,,,,45.0,200.0,60.0,,,,,,,,
CPSE-C,,,,CM0076,,,,CPSEC-694916,3 PHASE IND MTR 22KW 415V 50HZ,NOS,MOTOR,CAST IRON,,,,,,,,415.0,22.0,,,,,,,,,,
CPSE-A,CPSEA-107540,ANGLE GRINDER 115MM 900W,NOS,CM0092,,,,,,,INDUSTRIAL_TOOL,,,,,,,,,,0.9,,,,,,,,,ANGLE GRINDER,115.0
CPSE-A,CPSEA-412942,4C X 25 SQMM PVC CABL 1.1KV,MTR,CM0068,,,,,,,ELECTRICAL_CABLE,COPPER,,,,,,,,1100.0,,,,4.0,25.0,,,,,,
CPSE-C,,,,CM0054,,,,CPSEC-757924,6 IN SW GRAPHITE GASKET 150 CLASS,NOS,GASKET,GRAPHITE,,,,,6.0,150.0,,,,,,,,,,,SPIRAL WOUND,,
CPSE-B,,,,CM0015,CPSEB-391369,DEEP GROOVE BALL BEARING 6306,NOS,,,,BEARING,STEEL,,,,,,,,,,,,,,6306.0,,,,,
CPSE-B,,,,CM0073,CPSEB-612340,3 PHASE INDUCTION MOTOR 11KW 415V 50HZ,NOS,,,,MOTOR,CAST IRON,,,,,,,,415.0,11.0,,,,,,,,,,
CPSE-B,,,,CM0049,CPSEB-375504,"4""SS304 SLIP ON FLG 300#",NOS,,,,FLANGE,SS304,,,,,4.0,300.0,,,,,,,,,,SLIP ON,,,
CPSE-B,,,,CM0064,CPSEB-575763,3CX4 SQMM PVC CABLE 1.1KV,MTR,,,,ELECTRICAL_CABLE,COPPER,,,,,,,,1100.0,,,,3.0,4.0,,,,,,
CPSE-B,,,,CM0074,CPSEB-480612,3 PHASE INDUCTION MOTOR 15KW 415V 50HZ,NOS,,,,MOTOR,CAST IRON,,,,,,,,415.0,15.0,,,,,,,,,,
CPSE-C,,,,CM0084,,,,CPSEC-823378,C/PMP 75 M3/H 40M HEAD 15KW,NOS,PUMP,CAST IRON,,,,,,,,,15.0,75.0,40.0,,,,,,,,
CPSE-A,CPSEA-877572,M12 X 50 SS304 HEX BOLT,NOS,CM0002,,,,,,,FASTENER,STAINLESS STEEL,SS304,,12.0,50.0,,,,,,,,,,,,,,,
CPSE-A,CPSEA-356702,2 IN SS304 SEAMLESS PIP SCH10,MTR,CM0036,,,,,,,PIPE,SS304,,,,,2.0,,10.0,,,,,,,,,,,,
CPSE-C,,,,CM0018,,,,CPSEC-988662,TR BRG 30206,NOS,BEARING,STEEL,,,,,,,,,,,,,,30206.0,,,,,
CPSE-B,,,,CM0045,CPSEB-787277,"6""CS SLIP ON FLG 150#",NOS,,,,FLANGE,CARBON STEEL,,,,,6.0,150.0,,,,,,,,,,SLIP ON,,,
CPSE-B,,,,CM0001,CPSEB-216739,M10X50 SS304 HEX BOLT,NOS,,,,FASTENER,STAINLESS STEEL,SS304,,10.0,50.0,,,,,,,,,,,,,,,
CPSE-C,,,,CM0044,,,,CPSEC-429963,4 IN SS316 WN FLG 300 CLASS,NOS,FLANGE,SS316,,,,,4.0,300.0,,,,,,,,,,WELD NECK,,,
CPSE-B,,,,CM0035,CPSEB-660086,"8""SS316 SEAMLESS PIPE SCH40",MTR,,,,PIPE,SS316,,,,,8.0,,40.0,,,,,,,,,,,,
CPSE-B,,,,CM0017,CPSEB-197251,TAPERED ROLLER BEARING 30205,NOS,,,,BEARING,STEEL,,,,,,,,,,,,,,30205.0,,,,,
CPSE-C,,,,CM0027,,,,CPSEC-183667,6 IN SS316 BLV 300 CLASS,NOS,VALVE,SS316,,,,,6.0,300.0,,,,,,,,,BALL,,,,
CPSE-B,,,,CM0069,CPSEB-738551,3CX35 SQMM PVC CABLE 1.1KV,MTR,,,,ELECTRICAL_CABLE,COPPER,,,,,,,,1100.0,,,,3.0,35.0,,,,,,
CPSE-B,,,,CM0012,CPSEB-391704,DEEP GROOVE BALL BEARING 6206,NOS,,,,BEARING,STEEL,,,,,,,,,,,,,,6206.0,,,,,
CPSE-B,,,,CM0031,CPSEB-488162,"2""CS SEAMLESS PIPE SCH40",MTR,,,,PIPE,CARBON STEEL,,,,,2.0,,40.0,,,,,,,,,,,,
CPSE-B,,,,CM0018,CPSEB-476417,TAPERED ROLLER BEARING 30206,NOS,,,,BEARING,STEEL,,,,,,,,,,,,,,30206.0,,,,,
CPSE-B,,,,CM0081,CPSEB-676510,CENTRIF PUMP 20 M3/H 30M HEAD 5.5KW,NOS,,,,PUMP,CAST IRON,,,,,,,,,5.5,20.0,30.0,,,,,,,,
CPSE-B,,,,CM0005,CPSEB-191161,M20X80 GALV HEX BOLT,NOS,,,,FASTENER,GALVANIZED STEEL,GI,,20.0,80.0,,,,,,,,,,,,,,,
CPSE-B,,,,CM0030,CPSEB-974628,"2""CS GLOBE VAL 150#",NOS,,,,VALVE,CARBON STEEL,,,,,2.0,150.0,,,,,,,,,GLOBE,,,,
CPSE-B,,,,CM0056,CPSEB-725380,"2""PTFE FULL FACE GASK 150#",NOS,,,,GASKET,PTFE,,,,,2.0,150.0,,,,,,,,,,,FULL FACE,,
CPSE-A,CPSEA-595631,TORQUE WRENCH 50-250NM,NOS,CM0099,,,,,,,INDUSTRIAL_TOOL,,,,,,,,,,,,,,,,,,,TORQUE WRENCH,
CPSE-C,,,,CM0045,,,,CPSEC-623481,6 IN CS SO FLG 150 CLASS,NOS,FLANGE,CARBON STEEL,,,,,6.0,150.0,,,,,,,,,,SLIP ON,,,
CPSE-C,,,,CM0096,,,,CPSEC-608993,IMPACT WRENCH 1/2 IN 500W,NOS,INDUSTRIAL_TOOL,,,,,,,,,,0.5,,,,,,,,,IMPACT WRENCH,12.7
CPSE-A,CPSEA-377932,CENT PMP 30 M3/H 40M HEAD 7.5KW,NOS,CM0082,,,,,,,PUMP,CAST IRON,,,,,,,,,7.5,30.0,40.0,,,,,,,,
CPSE-A,CPSEA-460663,TAPERED ROLLER BRG 30305,NOS,CM0019,,,,,,,BEARING,STEEL,,,,,,,,,,,,,,30305.0,,,,,
CPSE-C,,,,CM0017,,,,CPSEC-498382,TR BRG 30205,NOS,BEARING,STEEL,,,,,,,,,,,,,,30205.0,,,,,
CPSE-A,CPSEA-680099,10 IN GRAPHITE SPIRAL WOUND GKT 150 CLASS,NOS,CM0059,,,,,,,GASKET,GRAPHITE,,,,,10.0,150.0,,,,,,,,,,,SPIRAL WOUND,,
CPSE-A,CPSEA-265840,3C X 4 SQMM PVC CABL 1.1KV,MTR,CM0064,,,,,,,ELECTRICAL_CABLE,COPPER,,,,,,,,1100.0,,,,3.0,4.0,,,,,,
CPSE-B,,,,CM0100,CPSEB-946721,BENCH GRINDER 200MM 550W,NOS,,,,INDUSTRIAL_TOOL,,,,,,,,,,0.55,,,,,,,,,BENCH GRINDER,200.0
CPSE-B,,,,CM0063,CPSEB-407757,3CX2.5 SQMM PVC CABLE 1.1KV,MTR,,,,ELECTRICAL_CABLE,COPPER,,,,,,,,1100.0,,,,3.0,2.5,,,,,,
CPSE-B,,,,CM0057,CPSEB-500156,"4""SS GRAPHITE GASK 150#",NOS,,,,GASKET,SS,,,,,4.0,150.0,,,,,,,,,,,SPIRAL WOUND,,
CPSE-B,,,,CM0020,CPSEB-145561,SPHERICAL ROLLER BEARING 22205,NOS,,,,BEARING,STEEL,,,,,,,,,,,,,,22205.0,,,,,
CPSE-A,CPSEA-207175,TAPERED ROLLER BRG 30205,NOS,CM0017,,,,,,,BEARING,STEEL,,,,,,,,,,,,,,30205.0,,,,,
CPSE-B,,,,CM0079,CPSEB-658582,3 PHASE INDUCTION MOTOR 45KW 415V 50HZ,NOS,,,,MOTOR,CAST IRON,,,,,,,,415.0,45.0,,,,,,,,,,
CPSE-A,CPSEA-310922,CENT PMP 100 M3/H 50M HEAD 22KW,NOS,CM0085,,,,,,,PUMP,CAST IRON,,,,,,,,,22.0,100.0,50.0,,,,,,,,
CPSE-A,CPSEA-629903,M16 X 75 SS304 HEX BOLT,NOS,CM0008,,,,,,,FASTENER,STAINLESS STEEL,SS304,,16.0,75.0,,,,,,,,,,,,,,,
CPSE-B,,,,CM0054,CPSEB-260265,"6""SPIRAL WOUND GRAPHITE GASK 150#",NOS,,,,GASKET,GRAPHITE,,,,,6.0,150.0,,,,,,,,,,,SPIRAL WOUND,,
CPSE-A,CPSEA-761759,ANGLE GRINDER 125MM 1100W,NOS,CM0093,,,,,,,INDUSTRIAL_TOOL,,,,,,,,,,1.1,,,,,,,,,ANGLE GRINDER,125.0
CPSE-C,,,,CM0064,,,,CPSEC-103402,3CX4 SQMM PVC CABLE 1.1KV,MTR,ELECTRICAL_CABLE,COPPER,,,,,,,,1100.0,,,,3.0,4.0,,,,,,
CPSE-C,,,,CM0086,,,,CPSEC-781446,C/PMP 120 M3/H 60M HEAD 30KW,NOS,PUMP,CAST IRON,,,,,,,,,30.0,120.0,60.0,,,,,,,,
CPSE-C,,,,CM0050,,,,CPSEC-711878,6 IN SS316 WN FLG 150 CLASS,NOS,FLANGE,SS316,,,,,6.0,150.0,,,,,,,,,,WELD NECK,,,
CPSE-B,,,,CM0044,CPSEB-852787,"4""SS316 WELD NECK FLG 300#",NOS,,,,FLANGE,SS316,,,,,4.0,300.0,,,,,,,,,,WELD NECK,,,
CPSE-B,,,,CM0051,CPSEB-479580,"2""SPIRAL WOUND SS GRAPHITE GASK 150#",NOS,,,,GASKET,SS,,,,,2.0,150.0,,,,,,,,,,,SPIRAL WOUND,,
CPSE-A,CPSEA-174870,6 IN CS SEAMLESS PIP SCH80,MTR,CM0034,,,,,,,PIPE,CARBON STEEL,,,,,6.0,,80.0,,,,,,,,,,,,
CPSE-A,CPSEA-766563,2 IN CS GLOBE VLV 150 CLASS,NOS,CM0030,,,,,,,VALVE,CARBON STEEL,,,,,2.0,150.0,,,,,,,,,GLOBE,,,,
CPSE-B,,,,CM0072,CPSEB-100599,3 PHASE INDUCTION MOTOR 7.5KW 415V 50HZ,NOS,,,,MOTOR,CAST IRON,,,,,,,,415.0,7.5,,,,,,,,,,
CPSE-B,,,,CM0041,CPSEB-961722,"2""CS WELD NECK FLG 150#",NOS,,,,FLANGE,CARBON STEEL,,,,,2.0,150.0,,,,,,,,,,WELD NECK,,,
CPSE-C,,,,CM0100,,,,CPSEC-526833,BENCH GRINDER 200MM 550W,NOS,INDUSTRIAL_TOOL,,,,,,,,,,0.55,,,,,,,,,BENCH GRINDER,200.0
CPSE-C,,,,CM0007,,,,CPSEC-343962,M12X80 SS316 HEX BOLT,NOS,FASTENER,STAINLESS STEEL,SS316,,12.0,80.0,,,,,,,,,,,,,,,
CPSE-C,,,,CM0063,,,,CPSEC-555884,3CX2.5 SQMM PVC CABLE 1.1KV,MTR,ELECTRICAL_CABLE,COPPER,,,,,,,,1100.0,,,,3.0,2.5,,,,,,
CPSE-C,,,,CM0024,,,,CPSEC-705397,4 IN SS316 BLV 150 CLASS,NOS,VALVE,SS316,,,,,4.0,150.0,,,,,,,,,BALL,,,,
CPSE-B,,,,CM0036,CPSEB-271339,"2""SS304 SEAMLESS PIPE SCH10",MTR,,,,PIPE,SS304,,,,,2.0,,10.0,,,,,,,,,,,,
CPSE-A,CPSEA-341292,ANGLE GRINDER 100MM 750W,NOS,CM0091,,,,,,,INDUSTRIAL_TOOL,,,,,,,,,,0.75,,,,,,,,,ANGLE GRINDER,100.0
CPSE-A,CPSEA-279451,8 IN SS316 SEAMLESS PIP SCH40,MTR,CM0035,,,,,,,PIPE,SS316,,,,,8.0,,40.0,,,,,,,,,,,,
